AREA TERRITORIAL;CODIGO CENTRO;TIPO DE CENTRO;CENTRO;DOMICILIO;MUNICIPIO;DISTRITO MUNICIPAL;COD. POSTAL;TELEFONO;FAX;TITULARIDAD
Madrid-Capital;28063751;CP INF-PRI;AGUSTIN RODRIGUEZ SAHAGUN;Calle De La Granja De San Ildefonso, 17-19 ;Madrid;Villa de Vallecas;28051;913324348;914941475;Público
Madrid-Capital;28004989;CP INF-PRI;AGUSTINA DIEZ;Calle Del Vesubio, 5 ;Madrid;Puente de Vallecas;28038;917770073;917770073;Público
Madrid-Capital;28004990;CP INF-PRI;ALBERTO ALCOCER;Avenida Canillejas-vicalvaro, 56 ;Madrid;San Blas-Canillejas;28022;913202609;913200446;Público
Madrid-Capital;28018393;CP INF-PRI;ALCALDE DE MOSTOLES;Calle De Aldeanueva De La Vera, 9 ;Madrid;Latina;28044;917055465;915095129;Público
Madrid-Capital;28005003;CP INF-PRI;ALFONSO X EL SABIO;Calle De La Fuente De San Pedro, 6 ;Madrid;Vicálvaro;28032;913719661;917765962;Público
Madrid-Capital;28038318;CP INF-PRI;ALHAMBRA;Calle De Ramón Gómez De La Serna, 103 ;Madrid;Fuencarral-El Pardo;28035;913162273;913737021;Público
Madrid-Capital;28066302;CP INF-PRI;ALVARO DE BAZAN;Calle De Zurich, 10 ;Madrid;San Blas-Canillejas;28022;917757114;913067517;Público
Madrid-Capital;28018401;CP INF-PRI;AMADEO VIVES;Calle De Los Yébenes, 6 ;Madrid;Latina;28047;917183389;917199055;Público
Madrid-Capital;28010412;CP INF-PRI;AMADOR DE LOS RIOS;Paseo Del Marqués De Zafra, 16 ;Madrid;Salamanca;28028;917252610;917261891;Público
Madrid-Capital;28005854;CP INF-PRI;AMOS ACERO;Calle De Rodríguez Espinosa, 54 ;Madrid;Puente de Vallecas;28053;914785161;914772415;Público
Madrid-Capital;28021215;CP INF-PRI;ANTONIO DE NEBRIJA;Calle De Juan José Martínez Seco, 77 ;Madrid;Villaverde;28021;917963500;915051317;Público
Madrid-Capital;28072478;CP INF-PRI;ANTONIO FONTAN;Avenida Santuario De Valverde C/v Monasterio Arlanza, S/n ;Madrid;Fuencarral-El Pardo;28049;911722243;911720001;Público
Madrid-Capital;28005039;CP INF-PRI;ANTONIO MACHADO;Calle De Allariz, 3 ;Madrid;Carabanchel;28044;915088661;914006788;Público
Madrid-Capital;28010874;CP INF-PRI;ANTONIO MORENO ROSALES;Calle Del Olmo, 4 ;Madrid;Centro;28012;915390646;915390646;Público
Madrid-Capital;28033941;CP INF-PRI;ARAGON;Avenida De Rafael Alberti, 2 ;Madrid;Puente de Vallecas;28038;913039852;913806367;Público
Madrid-Capital;28010424;CP INF-PRI;ARAVACA;Calle Del Estudio, 6 ;Madrid;Moncloa-Aravaca;28023;913078119;913071832;Público
Madrid-Capital;28006469;CP INF-PRI;ARCIPRESTE DE HITA;Calle De Antonio Moreno, 25 ;Madrid;Carabanchel;28025;915605495;914605635;Público
Madrid-Capital;28021124;CP INF-PRI;ARQUITECTO GAUDI;Calle De Rosa Jardón, 10 ;Madrid;Chamartín;28016;913506564;913506564;Público
Madrid-Capital;28035524;CP INF-PRI;ASTURIAS;Calle De Los Asturianos, 2 ;Madrid;Puente de Vallecas;28018;917770635;917850680;Público
Madrid-Capital;28071383;CP INF-PRI;AUSIAS MARCH;Calle De La Estefanita, 9 ;Madrid;Villaverde;28021;917109916;917964694;Público
Madrid-Capital;28005091;CP INF-PRI;AZORIN;Calle De Godella, 57 ;Madrid;Villaverde;28021;917975733;917231639;Público
Madrid-Capital;28005106;CP INF-PRI;BARCELONA;Avenida De La Verbena De La Paloma, 14 ;Madrid;Villaverde;28041;913603078;913179568;Público
Madrid-Capital;28075777;CP INF-PRI;BLAS DE LEZO;Calle De Fromista, 27 ;Madrid;Fuencarral-El Pardo;28050;626122902;-;Público
Madrid-Capital;28035512;CP INF-PRI;BLAS DE OTERO;Calle De Puentelarra, 34 ;Madrid;Villa de Vallecas;28031;913311550;913310535;Público
Madrid-Capital;28005155;CP INF-PRI;BOLIVIA;Calle De Villavaliente, 29 ;Madrid;Latina;28011;914649989;914649989;Público
Madrid-Capital;28021331;CP INF-PRI;BRAVO MURILLO;Calle De Las Islas Cíes, 11 ;Madrid;Fuencarral-El Pardo;28035;917385793;917385793;Público
Madrid-Capital;28031063;CP INF-PRI;BREOGAN;Calle De Ginzo De Limia, 2 ;Madrid;Fuencarral-El Pardo;28029;917304040;917396184;Público
Madrid-Capital;28037201;CP INF-PRI;CALDERON DE LA BARCA;Calle De Calderón, 2 ;Madrid;Barajas;28042;917472465;917473130;Público
Madrid-Capital;28041755;CP INF-PRI;CAMILO JOSE CELA;Calle De Melchor Fernández Almagro, 22 ;Madrid;Fuencarral-El Pardo;28029;917392424;913781507;Público
Madrid-Capital;28005179;CP INF-PRI;CAPITAN CORTES;Calle De Monseñor Oscar Romero, 17 ;Madrid;Carabanchel;28025;914628662;914619130;Público
Madrid-Capital;28030198;CP INF-PRI;CARDENAL HERRERA ORIA;Calle De Fermín Caballero, 68 ;Madrid;Fuencarral-El Pardo;28034;913781613;917385711;Público
Madrid-Capital;28020661;CP INF-PRI;CARLOS SAINZ DE LOS TERREROS;Calle De Cartama, 1 ;Madrid;Puente de Vallecas;28018;917783885;917774420;Público
Madrid-Capital;28010461;CP INF-PRI;CARLOS V;Calle De La Virgen Del Val, 3 ;Madrid;Ciudad Lineal;28027;914041481;914052705;Público
Madrid-Capital;28010473;CP INF-PRI;CARMEN CABEZUELO;Calle De Cangas De Onís, 7 ;Madrid;San Blas-Canillejas;28037;913040117;913049991;Público
Madrid-Capital;28071826;CP INF-PRI;CARMEN LAFORET;Calle De Omega, 60 ;Madrid;Vicálvaro;28032;917760141;917604734;Público
Madrid-Capital;28077877;CP INF-PRI;CEIP JUAN DE HERRERA;Calle De Enrique García Álvarez, S/n ;Madrid;Villa de Vallecas;28031;-;-;Público
Madrid-Capital;28077865;CP INF-PRI;CEIP VALDEBEBAS;Calle De Félix Candela, 24 ;Madrid;Hortaleza;28055;-;-;Público
Madrid-Capital;28005210;CP INF-PRI;CERVANTES;Calle De Raimundo Fernández Villaverde, 4 ;Madrid;Chamberí;28003;915330837;915330837;Público
Madrid-Capital;28019439;CP INF-PRI;CIUDAD DE BADAJOZ;Calle De Fray José Cerdeiriña, 51 ;Madrid;Latina;28024;917065611;917107103;Público
Madrid-Capital;28011684;CP INF-PRI;CIUDAD DE CORDOBA;Calle De Lillo, 1 ;Madrid;Villaverde;28041;913172417;913179827;Público
Madrid-Capital;28018502;CP INF-PRI;CIUDAD DE GUADALAJARA;Calle Del Bergantín, 13 ;Madrid;Barajas;28042;917470938;917472064;Público
Madrid-Capital;28004904;CP INF-PRI;CIUDAD DE JAEN;Calle De La Madre Rosa Blanco_, 3 ;Madrid;Usera;28041;913174313;913171644;Público
Madrid-Capital;28005234;CP INF-PRI;CIUDAD DE LOS ANGELES;Calle De La Alegría De La Huerta, 6 ;Madrid;Villaverde;28041;917954993;915050434;Público
Madrid-Capital;28031087;CP INF-PRI;CIUDAD DE ROMA;Calle De Juan Esplandiu, 2 ;Madrid;Retiro;28007;915743897;915041695;Público
Madrid-Capital;28020673;CP INF-PRI;CIUDAD DE VALENCIA;Avenida Del Mediterráneo, Km 9 ;Madrid;Villa de Vallecas;28031;913310805;913312548;Público
Madrid-Capital;28018708;CP INF-PRI;CIUDAD DE ZARAGOZA;Calle De Manuel Aguilar Muñoz, 1 ;Madrid;Barajas;28042;913293756;912406061;Público
Madrid-Capital;28005246;CP INF-PRI;CIUDAD PEGASO;Avenida Séptima, 12 ;Madrid;San Blas-Canillejas;28022;917412017;917436218;Público
Madrid-Capital;28005258;CP INF-PRI;CLAUDIO MOYANO;Calle De Cea Bermúdez, 26 ;Madrid;Chamberí;28003;915335718;915345924;Público
Madrid-Capital;28033928;CP INF-PRI;COMPLEJO ESCOLAR PRINCIPE FELIPE;Avenida De Monforte De Lemos, 24 ;Madrid;Fuencarral-El Pardo;28029;913146819;913232548;Público
Madrid-Capital;28010497;CP INF-PRI;CONCEPCION ARENAL;Calle De Antonio López, 1 ;Madrid;Carabanchel;28019;915652702;915650097;Público
Madrid-Capital;28021318;CP INF-PRI;CONCHA ESPINA;Calle De Gerardo Diego, 6 ;Madrid;Puente de Vallecas;28018;917781461;917772584;Público
Madrid-Capital;28005261;CP INF-PRI;CONDE DE ROMANONES;Calle Del Elfo, 143 ;Madrid;Ciudad Lineal;28027;913673655;914080947;Público
Madrid-Capital;28072995;CP INF-PRI;CORTES DE CADIZ;Avenida De Niceto Alcalá Zamora C/v Isabel De Valois, S/n ;Madrid;Hortaleza;28050;911727223;911720746;Público
Madrid-Capital;28010527;CP INF-PRI;COSTA RICA;Calle De Camarena, 247 ;Madrid;Latina;28047;917171601;917171601;Público
Madrid-Capital;28005271;CP INF-PRI;CRISTOBAL COLON;Carretera De Carabanchel A Villaverde, 109 ;Madrid;Villaverde;28041;917973312;917973312;Público
Madrid-Capital;28010539;CP INF-PRI;CUBA;Calle De Tembleque, 58 ;Madrid;Latina;28024;915187564;915180170;Público
Madrid-Capital;28004266;CP INF-PRI;DAMASO ALONSO;Avenida De Espinela, 1 ;Madrid;Villaverde;28021;917970620;917970620;Público
Madrid-Capital;28021446;CP INF-PRI;DANIEL VAZQUEZ DIAZ;Calle De Armenteros, 46 ;Madrid;Moncloa-Aravaca;28039;914505842;913117764;Público
Madrid-Capital;28005076;CP INF-PRI;DE PRACTICAS ASUNCION RINCON;Avenida De Filipinas, 5 ;Madrid;Chamberí;28003;915542118;915345120;Público
Madrid-Capital;28028854;CP INF-PRI;DIONISIO RIDRUEJO;Calle De Zipaquira, 14 ;Madrid;Hortaleza;28033;917639188;917639188;Público
Madrid-Capital;28010503;CP INF-PRI;DOCTOR CONDE ARRUGA;Calle De Hacienda De Pavones, 105 ;Madrid;Moratalaz;28030;917732393;917737286;Público
Madrid-Capital;28010552;CP INF-PRI;DOCTOR FEDERICO RUBIO;Avenida Del Doctor Federico Rubio Y Galí, 53 ;Madrid;Tetuán;28039;914502091;914595006;Público
Madrid-Capital;28021422;CP INF-PRI;DOCTOR SEVERO OCHOA;Calle De Ezcaray, 3 ;Madrid;Vicálvaro;28032;917752715;917750711;Público
Madrid-Capital;28018459;CP INF-PRI;DOCTOR TOLOSA LATOUR;Calle De Los Asturianos, 4 ;Madrid;Puente de Vallecas;28018;917784794;917777679;Público
Madrid-Capital;28005933;CP INF-PRI;EDUARDO ROJO;Calle De Eduardo Rojo, 2 ;Madrid;Puente de Vallecas;28018;914774560;914784525;Público
Madrid-Capital;28039360;CP INF-PRI;EE.UU. DE AMERICA-HUARTE DE SAN JUAN;Paseo Del Comandante Fortea, 71 ;Madrid;Moncloa-Aravaca;28008;915418978;915594699;Público
Madrid-Capital;28044434;CP INF-PRI;EL ESPINILLO;Calle De La Unanimidad, 1 ;Madrid;Villaverde;28041;917237434;913180790;Público
Madrid-Capital;28060221;CP INF-PRI;EL GRECO;Calle De La Estefanita, 7 ;Madrid;Villaverde;28021;917100008;917983281;Público
Madrid-Capital;28038331;CP INF-PRI;EL MADROÑO;Calle De Las Las Marismas, 14 ;Madrid;Puente de Vallecas;28038;915014668;915013612;Público
Madrid-Capital;28042796;CP INF-PRI;EL QUIJOTE;Calle De Fuentidueña, 4 ;Madrid;Villa de Vallecas;28031;913800214;913800246;Público
Madrid-Capital;28057015;CP INF-PRI;EL SOL;Avenida De Canillejas A Vicálvaro, 82 ;Madrid;San Blas-Canillejas;28022;913060345;913060347;Público
Madrid-Capital;28005349;CP INF-PRI;EMILIA PARDO BAZAN;Calle Del Ventorrillo, 14 ;Madrid;Centro;28005;915306059;915275184;Público
Madrid-Capital;28010576;CP INF-PRI;ERMITA DEL SANTO;Paseo De La Ermita Del Santo, 18 ;Madrid;Latina;28011;914642590;914642590;Público
Madrid-Capital;28004965;CP INF-PRI;ESCUELAS AGUIRRE;Calle De Pío Baroja, 4 ;Madrid;Retiro;28009;915741864;915044683;Público
Madrid-Capital;28005167;CP INF-PRI;ESCUELAS BOSQUE;Avenida De Santo Ángel De La Guarda, 4 ;Madrid;Moncloa-Aravaca;28039;914505060;914590557;Público
Madrid-Capital;28021409;CP INF-PRI;ESPERANZA;Calle De Andorra, 12 ;Madrid;Hortaleza;28043;913003012;913003012;Público
Madrid-Capital;28032791;CP INF-PRI;EUGENIO MARIA DE HOSTOS;Calle De Valdevarnés, 26 ;Madrid;Moncloa-Aravaca;28039;913736366;913866937;Público
Madrid-Capital;28010591;CP INF-PRI;FELIPE II;Calle Vía Límite, 12 ;Madrid;Tetuán;28029;913157353;917339393;Público
Madrid-Capital;28010606;CP INF-PRI;FERNANDEZ MORATIN;Avenida De Valladolid, 2 ;Madrid;Moncloa-Aravaca;28008;915479787;915596791;Público
Madrid-Capital;28010618;CP INF-PRI;FERNANDO EL CATOLICO;Calle De Fernando El Católico, 16 ;Madrid;Chamberí;28015;914442902;914469251;Público
Madrid-Capital;28021291;CP INF-PRI;FILOSOFO SENECA;Calle De Santa Adela, 21 ;Madrid;Hortaleza;28033;917638145;913817216;Público
Madrid-Capital;28026006;CP INF-PRI;FONTARRON;Calle Del Arroyo Fontarrón, 24 ;Madrid;Moratalaz;28030;917720378;913050045;Público
Madrid-Capital;28019397;CP INF-PRI;FRANCISCO ARRANZ;Calle De Sondica, 2 ;Madrid;Latina;28044;917066882;917066882;Público
Madrid-Capital;28010680;CP INF-PRI;FRANCISCO DE GOYA;Calle De Antillón, 23 ;Madrid;Latina;28011;914637472;914633270;Público
Madrid-Capital;28010643;CP INF-PRI;FRANCISCO DE LUIS;Calle Del Corregidor Rodrigo Rodríguez, 5 ;Madrid;Moratalaz;28030;914394600;913284275;Público
Madrid-Capital;28005374;CP INF-PRI;FRANCISCO DE QUEVEDO;Calle De Granada, 16 ;Madrid;Retiro;28007;915515211;914333827;Público
Madrid-Capital;28005350;CP INF-PRI;FRANCISCO FATOU;Camino De La Suerte, 23 ;Madrid;Villa de Vallecas;28031;913321050;913323222;Público
Madrid-Capital;28005386;CP INF-PRI;FRANCISCO RUANO;Calle De Almuradiel, 150 ;Madrid;Puente de Vallecas;28053;917862196;917862196;Público
Madrid-Capital;28005404;CP INF-PRI;FRAY JUNIPERO SERRA;Camino De Valderribas, 120 ;Madrid;Puente de Vallecas;28038;914304882;914376926;Público
Madrid-Capital;28063775;CP INF-PRI;GABRIELA MISTRAL;Calle De Mirallos, 3 ;Madrid;Fuencarral-El Pardo;28050;913586549;913586557;Público
Madrid-Capital;28031804;CP INF-PRI;GANDHI;Calle De Gandhi, 10 ;Madrid;Ciudad Lineal;28017;917544592;913045222;Público
Madrid-Capital;28010655;CP INF-PRI;GARCIA MORENTE;Ronda Sur, 229 ;Madrid;Puente de Vallecas;28053;917852016;917856013;Público
Madrid-Capital;28037648;CP INF-PRI;GARCILASO DE LA VEGA;Calle De Trefacio, 18 ;Madrid;Hortaleza;28043;913882060;917161701;Público
Madrid-Capital;28026547;CP INF-PRI;GINER DE LOS RIOS;Calle De Membezar, 25 ;Madrid;Puente de Vallecas;28053;917858021;917858021;Público
Madrid-Capital;28035536;CP INF-PRI;GLORIA FUERTES;Calle Del Censo, 3 ;Madrid;Usera;28041;913412180;913410018;Público
Madrid-Capital;28006111;CP INF-PRI;GONZALO DE BERCEO;Avenida De Abrantes, 5 ;Madrid;Carabanchel;28025;915697225;914692174;Público
Madrid-Capital;28005441;CP INF-PRI;GONZALO FERNANDEZ DE CORDOBA;Calle De Adanero, 3 ;Madrid;Latina;28024;917113625;917113735;Público
Madrid-Capital;28049365;CP INF-PRI;GUINDALERA;Calle De Bóston, 1 ;Madrid;Salamanca;28028;917252437;917255776;Público
Madrid-Capital;28005465;CP INF-PRI;GUSTAVO ADOLFO BECQUER;Calle De Santa Genoveva, 32 ;Madrid;Ciudad Lineal;28017;914051507;914053498;Público
Madrid-Capital;28005477;CP INF-PRI;HAITI;Calle De Guabairo, 22 ;Madrid;Carabanchel;28047;914220250;914651108;Público
Madrid-Capital;28005489;CP INF-PRI;HERMANOS PINZON;Calle Del Azor, 4 ;Madrid;Latina;28024;915186040;915186040;Público
Madrid-Capital;28005490;CP INF-PRI;HERNAN CORTES;Calle De Los Yébenes, 241 ;Madrid;Latina;28047;917176844;917180472;Público
Madrid-Capital;28005519;CP INF-PRI;HONDURAS;Paseo De Federico García Lorca, 19 ;Madrid;Villa de Vallecas;28031;913325719;913325719;Público
Madrid-Capital;28040106;CP INF-PRI;HORTALEZA;Calle De Valdetorres De Jarama, 1 ;Madrid;Hortaleza;28033;917642900;913816099;Público
Madrid-Capital;28025971;CP INF-PRI;IGNACIO ZULOAGA;Calle De Alejandro Rodríguez, 34 ;Madrid;Tetuán;28039;914509620;913980080;Público
Madrid-Capital;28063787;CP INF-PRI;INFANTA LEONOR;Calle Monasterio De El Paular, 140 ;Madrid;Fuencarral-El Pardo;28049;917508788;917508847;Público
Madrid-Capital;28004552;CP INF-PRI;ISAAC ALBENIZ;Calle De La Drácena, 29 ;Madrid;Chamartín;28016;913596972;913596972;Público
Madrid-Capital;28005568;CP INF-PRI;ISAAC PERAL;Glorieta De Rufino Novalvos, 5 ;Madrid;Carabanchel;28025;914726780;914726780;Público
Madrid-Capital;28010710;CP INF-PRI;ISABEL LA CATOLICA;Calle De Barceló, 2 ;Madrid;Centro;28004;915217840;915229393;Público
Madrid-Capital;28005601;CP INF-PRI;JAIME BALMES;Calle De Sierra De La Solana, 2 ;Madrid;Puente de Vallecas;28053;914785884;914771646;Público
Madrid-Capital;28050343;CP INF-PRI;JAIME VERA;Calle De Bravo Murillo, 162 ;Madrid;Tetuán;28020;915723019;915709453;Público
Madrid-Capital;28005623;CP INF-PRI;JAVIER DE MIGUEL;Calle Del Puerto De Viñamala, 11 ;Madrid;Puente de Vallecas;28018;913035102;913805770;Público
Madrid-Capital;28010722;CP INF-PRI;JOAQUIN COSTA;Paseo De Pontones, 8 ;Madrid;Arganzuela;28005;913653632;913653559;Público
Madrid-Capital;28005635;CP INF-PRI;JOAQUIN DICENTA;Paseo Olivos, 70 ;Madrid;Latina;28011;914632093;917550696;Público
Madrid-Capital;28021306;CP INF-PRI;JOAQUIN TURINA;Calle De Arturo Soria, 332 ;Madrid;Ciudad Lineal;28033;913025556;913022741;Público
Madrid-Capital;28021057;CP INF-PRI;JORGE GUILLEN;Avenida De El Ferrol, 47 ;Madrid;Fuencarral-El Pardo;28029;917393801;917393801;Público
Madrid-Capital;28005817;CP INF-PRI;JORGE MANRIQUE;Plaza Del Pintor Lucas, 17 ;Madrid;Usera;28026;915656300;915691615;Público
Madrid-Capital;28038321;CP INF-PRI;JOSE BERGAMIN;Calle De Braille, 19 ;Madrid;Fuencarral-El Pardo;28034;917355560;917345042;Público
Madrid-Capital;28010746;CP INF-PRI;JOSE CALVO SOTELO;Avenida De La Ciudad De Barcelona, 83 ;Madrid;Retiro;28007;914337125;914336781;Público
Madrid-Capital;28074256;CP INF-PRI;JOSE DE ECHEGARAY;Calle De Puentedey, 14 ;Madrid;Villa de Vallecas;28051;911996781;911996782;Público
Madrid-Capital;28005660;CP INF-PRI;JOSE MARIA DE PEREDA;Calle De Mestanza, 94 ;Madrid;Puente de Vallecas;28053;915072651;917861787;Público
Madrid-Capital;28021461;CP INF-PRI;JOSE ORTEGA Y GASSET;Calle De Orense, 87 ;Madrid;Tetuán;28020;915720997;915701341;Público
Madrid-Capital;28071361;CP INF-PRI;JOSEP TARRADELLAS;Calle De Triacastela, 1 ;Madrid;Fuencarral-El Pardo;28050;914274125;914274161;Público
Madrid-Capital;28005684;CP INF-PRI;JOVELLANOS;Calle De Monroy, 34 ;Madrid;Latina;28044;917055018;915095089;Público
Madrid-Capital;28005696;CP INF-PRI;JUAN DE LA CIERVA;Calle De Villarrosa, 7 ;Madrid;Villaverde;28041;917230235;917965560;Público
Madrid-Capital;28026535;CP INF-PRI;JUAN GRIS;Calle De Muela De San Juan, 31 ;Madrid;Villa de Vallecas;28031;913327264;913327263;Público
Madrid-Capital;28005714;CP INF-PRI;JUAN RAMON JIMENEZ;Calle Del Marqués De Viana, 58 ;Madrid;Tetuán;28039;915717512;914250976;Público
Madrid-Capital;28005726;CP INF-PRI;JUAN SEBASTIAN ELCANO;Calle De Mirasierra, 29 ;Madrid;Usera;28026;914765139;914768107;Público
Madrid-Capital;28020533;CP INF-PRI;JUAN ZARAGUETA;Calle Vía De Los Poblados, 17 ;Madrid;Hortaleza;28033;917630869;917630869;Público
Madrid-Capital;28031488;CP INF-PRI;JULIAN BESTEIRO;Avenida De Abrantes, 79 ;Madrid;Carabanchel;28025;915600091;915655204;Público
Madrid-Capital;28063805;CP INF-PRI;JULIAN MARIAS;Calle De Budapest, 11 ;Madrid;San Blas-Canillejas;28022;917609323;917609319;Público
Madrid-Capital;28006411;CP INF-PRI;LA ALAMEDA;Calle De Las Musas, 9 ;Madrid;San Blas-Canillejas;28022;917411453;913204540;Público
Madrid-Capital;28037375;CP INF-PRI;LA DEHESA DEL PRINCIPE;Paseo De Lanceros, 4 ;Madrid;Latina;28024;915091679;915090044;Público
Madrid-Capital;28031099;CP INF-PRI;LA LATINA;Calle De Maqueda, 130 ;Madrid;Latina;28024;915099915;917196252;Público
Madrid-Capital;28033931;CP INF-PRI;LA RIOJA;Calle De León Felipe, 3 ;Madrid;Puente de Vallecas;28038;917773912;917773912;Público
Madrid-Capital;28010761;CP INF-PRI;LEGADO CRESPO;Paseo De Las Acacias, 2 ;Madrid;Arganzuela;28005;915286325;915286325;Público
Madrid-Capital;28010898;CP INF-PRI;LEOPOLDO ALAS;Calle De Pedrezuela, 18 ;Madrid;Ciudad Lineal;28017;914033755;914042281;Público
Madrid-Capital;28069820;CP INF-PRI;LEOPOLDO CALVO-SOTELO;Calle De Puente La Reina, S/n ;Madrid;Fuencarral-El Pardo;28050;914273351;914273083;Público
Madrid-Capital;28010771;CP INF-PRI;LEPANTO;Calle De Valderrey, 9 ;Madrid;Moncloa-Aravaca;28035;913160937;913738204;Público
Madrid-Capital;28010783;CP INF-PRI;LOPE DE VEGA;Calle De Inglaterra, 8 ;Madrid;Carabanchel;28019;914710955;914721124;Público
Madrid-Capital;28020867;CP INF-PRI;LORENZO LUZURIAGA;Calle De Valencia De Don Juan, 19 ;Madrid;Fuencarral-El Pardo;28034;917305938;917314362;Público
Madrid-Capital;28050355;CP INF-PRI;LOS ALMENDROS;Calle De Ladera De Los Almendros, 45 ;Madrid;Vicálvaro;28032;917510982;917726814;Público
Madrid-Capital;28006214;CP INF-PRI;LOS ROSALES;Avenida De Los Rosales, 131 ;Madrid;Villaverde;28021;917956756;917988116;Público
Madrid-Capital;28069169;CP INF-PRI;LOYOLA DE PALACIO;Calle Del Embalse De Navacerrada, 60 ;Madrid;Villa de Vallecas;28051;913851330;913326020;Público
Madrid-Capital;28005571;CP INF-PRI;LUIS BELLO;Calle De Luis Cabrera, 66 ;Madrid;Chamartín;28002;912205533;912205535;Público
Madrid-Capital;28021367;CP INF-PRI;LUIS CERNUDA;Calle Del Carril Del Conde, 64 ;Madrid;Hortaleza;28043;913002732;913002732;Público
Madrid-Capital;28005741;CP INF-PRI;LUIS DE GONGORA;Calle De Sarriá, 49 ;Madrid;Fuencarral-El Pardo;28029;913860816;913768253;Público
Madrid-Capital;28045086;CP INF-PRI;MADRID-SUR;Calle Del Puerto De Balbarán, 133 ;Madrid;Puente de Vallecas;28018;917855539;917855539;Público
Madrid-Capital;28072466;CP INF-PRI;MAESTRO PADILLA;Avenida De La Peseta C/v Vía Lusitana, S/n ;Madrid;Carabanchel;28054;911731852;911724720;Público
Madrid-Capital;28010795;CP INF-PRI;MANUEL BARTOLOME COSSIO;Calle De José De Cadalso, 19 ;Madrid;Latina;28044;917064098;917064098;Público
Madrid-Capital;28005763;CP INF-PRI;MANUEL DE FALLA;Avenida Real De Pinto, 27 ;Madrid;Villaverde;28021;917971448;915052511;Público
Madrid-Capital;28010862;CP INF-PRI;MANUEL NUÑEZ DE ARENAS;Calle De Martos, 120 ;Madrid;Puente de Vallecas;28053;917855972;917860204;Público
Madrid-Capital;28010801;CP INF-PRI;MANUEL SAINZ DE VICUÑA;Calle Del Camino De Los Vinateros, 104 ;Madrid;Moratalaz;28030;914391349;913285625;Público
Madrid-Capital;28010813;CP INF-PRI;MARCELO USERA;Calle De Perales De Tajuña, 1 ;Madrid;Usera;28026;914753495;917923840;Público
Madrid-Capital;28074578;CP INF-PRI;MARGARET THATCHER;Glorieta De La Playa De San Lorenzo, S/n ;Madrid;Barajas;28042;913056086;913055404;Público
Madrid-Capital;28049377;CP INF-PRI;MARIA MOLINER;Calle De Arcos De Jalón, 34 ;Madrid;San Blas-Canillejas;28037;913133969;913069463;Público
Madrid-Capital;28031348;CP INF-PRI;MARIANO JOSE DE LARRA;Calle De Longares, 11 ;Madrid;San Blas-Canillejas;28022;913133789;917759574;Público
Madrid-Capital;28005830;CP INF-PRI;MARQUES DE MARCENADO;Calle De Linneo, 31 ;Madrid;Arganzuela;28005;913658588;913669822;Público
Madrid-Capital;28021148;CP INF-PRI;MARQUES DE SUANZES;Avenida Del Veinticinco De Septiembre, 1 ;Madrid;San Blas-Canillejas;28027;917412072;913203617;Público
Madrid-Capital;28018496;CP INF-PRI;MARTINEZ MONTAÑES;Calle De Hacienda De Pavones, 223 ;Madrid;Moratalaz;28030;917738878;917738878;Público
Madrid-Capital;28005866;CP INF-PRI;MEJICO;Avenida De Badajoz, 74 ;Madrid;Ciudad Lineal;28027;914035744;914045880;Público
Madrid-Capital;28005878;CP INF-PRI;MENDEZ NUNEZ;Calle De Alicun, 9 ;Madrid;Hortaleza;28033;913024834;913024834;Público
Madrid-Capital;28005891;CP INF-PRI;MENENDEZ PIDAL;Calle De La Encomienda De Palacios, 85 ;Madrid;Moratalaz;28030;917736781;913016012;Público
Madrid-Capital;28005881;CP INF-PRI;MENENDEZ Y PELAYO;Calle De Méndez Álvaro, 16 ;Madrid;Arganzuela;28045;915272781;915397381;Público
Madrid-Capital;28029123;CP INF-PRI;MESETA DE ORCASITAS;Calle Del Camino Viejo De Villaverde, 1 ;Madrid;Usera;28041;913413045;913417861;Público
Madrid-Capital;28005908;CP INF-PRI;MESONERO ROMANOS;Calle De Pont De Molins, 31 ;Madrid;Puente de Vallecas;28038;913037096;913800850;Público
Madrid-Capital;28010849;CP INF-PRI;MIGUEL BLASCO VILATELA;Calle De Los Hermanos García Noblejas, 70 ;Madrid;Ciudad Lineal;28017;913043999;914402072;Público
Madrid-Capital;28010850;CP INF-PRI;MIGUEL DE UNAMUNO;Calle De Alicante, 5 ;Madrid;Arganzuela;28045;915282554;915282554;Público
Madrid-Capital;28031051;CP INF-PRI;MIGUEL SERVET;Calle De La Fragata, 33 ;Madrid;Carabanchel;28019;914611757;914627953;Público
Madrid-Capital;28038343;CP INF-PRI;MIRASIERRA;Calle De La Maso, 22 ;Madrid;Fuencarral-El Pardo;28034;917345665;917350356;Público
Madrid-Capital;28045104;CP INF-PRI;MONTE DE EL PARDO;Avenida De La Guardia, 19 ;Madrid;Fuencarral-El Pardo;28048;913760692;913760636;Público
Madrid-Capital;28005911;CP INF-PRI;NAVAS DE TOLOSA;Calle De Benimamet, 109 ;Madrid;Villaverde;28021;917976083;917976083;Público
Madrid-Capital;28010886;CP INF-PRI;NTRA. SRA. DE LA ALMUDENA;Calle De Lope De Rueda, 48 ;Madrid;Retiro;28009;915735899;915743106;Público
Madrid-Capital;28005945;CP INF-PRI;NTRA. SRA. DE LA CONCEPCION;Calle De La Virgen Del Sagrario, 24 ;Madrid;Ciudad Lineal;28027;914040275;914047955;Público
Madrid-Capital;28025968;CP INF-PRI;NTRA. SRA. DE LA FUENCISLA;Calle De Tomelloso, 39 ;Madrid;Usera;28026;914754327;915001173;Público
Madrid-Capital;28039372;CP INF-PRI;NTRA. SRA. DE LA LUZ;Calle Del Bismuto, 1 ;Madrid;Villaverde;28021;917950766;917975020;Público
Madrid-Capital;28013309;CP INF-PRI;NTRA. SRA. DE LA PALOMA;Calle De Tabernillas, 2 ;Madrid;Centro;28005;913640630;913653675;Público
Madrid-Capital;28020740;CP INF-PRI;NTRA. SRA. DEL LUCERO;Calle De Muñico, 1 ;Madrid;Latina;28047;914647678;914647678;Público
Madrid-Capital;28031351;CP INF-PRI;PABLO PICASSO;Calle De Ángel Luis De La Herrán, 35 ;Madrid;Hortaleza;28043;913821795;917646297;Público
Madrid-Capital;28005994;CP INF-PRI;PADRE COLOMA;Calle De Gutiérrez Canales, 19 ;Madrid;San Blas-Canillejas;28022;917426447;917412598;Público
Madrid-Capital;28006007;CP INF-PRI;PADRE MARIANA;Ronda Sur, 145 ;Madrid;Puente de Vallecas;28053;917861773;917861773;Público
Madrid-Capital;28006020;CP INF-PRI;PADRE POVEDA;Avenida De Alfonso Xiii, 23 ;Madrid;Chamartín;28002;914151195;914162781;Público
Madrid-Capital;28010916;CP INF-PRI;PALACIO VALDES;Paseo Del Prado, 38 ;Madrid;Centro;28014;914203370;914203370;Público
Madrid-Capital;28029238;CP INF-PRI;PALOMERAS BAJAS;Calle De Felipe De Diego, 6 ;Madrid;Puente de Vallecas;28018;917854817;917853110;Público
Madrid-Capital;28006044;CP INF-PRI;PARQUE ALUCHE;Calle De Quero, 47 ;Madrid;Latina;28024;917178190;917178050;Público
Madrid-Capital;28035548;CP INF-PRI;PARQUE EUGENIA DE MONTIJO;Calle Del Parque Eugenia De Montijo, 28-a ;Madrid;Carabanchel;28047;914615653;914615603;Público
Madrid-Capital;28028416;CP INF-PRI;PASAMONTE;Avenida Del Doctor García Tapia, 47 ;Madrid;Moratalaz;28030;914305366;914376535;Público
Madrid-Capital;28010931;CP INF-PRI;PATRIARCA OBISPO EIJO GARAY;Calle De López De Hoyos, 40 ;Madrid;Chamartín;28006;917450282;917451152;Público
Madrid-Capital;28060211;CP INF-PRI;PEDRO DUQUE;Calle De Marmolina, 5 ;Madrid;Vicálvaro;28032;917762363;917753209;Público
Madrid-Capital;28006056;CP INF-PRI;PERU;Calle De Baleares, 18 ;Madrid;Carabanchel;28019;915691465;915692867;Público
Madrid-Capital;28010679;CP INF-PRI;PI I MARGALL;Plaza Del Dos De Mayo, 2 ;Madrid;Centro;28004;915323420;915231075;Público
Madrid-Capital;28063763;CP INF-PRI;PINAR DE SAN JOSE;Calle Patrimonio De La Humanidad, 39 ;Madrid;Carabanchel;28054;915112417;915112418;Público
Madrid-Capital;28006068;CP INF-PRI;PINAR DEL REY;Avenida De San Luis, 23 ;Madrid;Hortaleza;28033;917664763;917680970;Público
Madrid-Capital;28021045;CP INF-PRI;PINTOR ROSALES;Calle Del Príncipe De Vergara, 139 ;Madrid;Chamartín;28002;915623948;915638730;Público
Madrid-Capital;28021434;CP INF-PRI;PIO BAROJA;Calle De Luis De Hoyos Sáinz, 84 ;Madrid;Moratalaz;28030;917739618;917739618;Público
Madrid-Capital;28006071;CP INF-PRI;PIO XII;Calle Del Delfín, 2 ;Madrid;Tetuán;28029;913151221;917336758;Público
Madrid-Capital;28071371;CP INF-PRI;PLACIDO DOMINGO;Calle Del Tejo, 5 ;Madrid;Arganzuela;28045;917650789;915302878;Público
Madrid-Capital;28010357;CP INF-PRI;PORTUGAL;Calle De Juan Álvarez Mendizábal, 20 ;Madrid;Moncloa-Aravaca;28008;915417330;915417330;Público
Madrid-Capital;28030401;CP INF-PRI;PRADOLONGO;Calle Del Parque De La Paloma, 9 ;Madrid;Usera;28026;914693581;914692532;Público
Madrid-Capital;28029111;CP INF-PRI;PRINCIPE DE ASTURIAS;Carretera Colmenar Viejo, Km 15 ;Madrid;Fuencarral-El Pardo;28049;917355115;917355003;Público
Madrid-Capital;28006101;CP INF-PRI;PUERTO RICO;Calle Del Segura, 74 ;Madrid;Usera;28041;913412726;913416960;Público
Madrid-Capital;28021321;CP INF-PRI;RABINDRANATH TAGORE;Calle De Julio Palacios, 35 ;Madrid;Fuencarral-El Pardo;28029;917332373;913232892;Público
Madrid-Capital;28006123;CP INF-PRI;RAMIRO DE MAEZTU;Calle De Serrano, 127 ;Madrid;Chamartín;28006;915616249;915647056;Público
Madrid-Capital;28010941;CP INF-PRI;RAMON GOMEZ DE LA SERNA;Calle De Godella, 170 ;Madrid;Villaverde;28021;917972522;917972554;Público
Madrid-Capital;28025956;CP INF-PRI;RAMON MARIA DEL VALLE INCLAN;Calle De Alconera, 1 ;Madrid;San Blas-Canillejas;28037;913130739;913130739;Público
Madrid-Capital;28026067;CP INF-PRI;RAMON PEREZ DE AYALA;Calle De Motilla Del Palancar, 19 ;Madrid;Hortaleza;28043;917592205;917599412;Público
Madrid-Capital;28010953;CP INF-PRI;REAL ARMADA;Calle Del Corregidor Juan Francisco De Luján, 114 ;Madrid;Moratalaz;28030;917736583;917736583;Público
Madrid-Capital;28006135;CP INF-PRI;REGIMIENTO INMEMORIAL DEL REY;Avenida De Moratalaz, 51 ;Madrid;Moratalaz;28030;914390948;913282535;Público
Madrid-Capital;28005431;CP INF-PRI;REINA VICTORIA;Calle Del Príncipe De Vergara, 61 ;Madrid;Salamanca;28006;915631283;914113067;Público
Madrid-Capital;28010977;CP INF-PRI;REPUBLICA DE CHILE;Calle Del Castillo De Uclés, 28 ;Madrid;San Blas-Canillejas;28037;913046658;913046658;Público
Madrid-Capital;28010965;CP INF-PRI;REPUBLICA DE COLOMBIA;Plaza De Alloz, 3 ;Madrid;Carabanchel;28025;914650587;914650587;Público
Madrid-Capital;28006172;CP INF-PRI;REPUBLICA DE ECUADOR;Calle Del Valle De Oro, 41 ;Madrid;Carabanchel;28019;914603284;914603284;Público
Madrid-Capital;28010989;CP INF-PRI;REPUBLICA DE EL SALVADOR;Camino De Sacedón, 2 ;Madrid;Villaverde;28021;917964041;917987815;Público
Madrid-Capital;28010928;CP INF-PRI;REPUBLICA DE PANAMA Nº 1;Calle De Los Peones, S/n ;Madrid;San Blas-Canillejas;28037;913065472;913065472;Público
Madrid-Capital;28006202;CP INF-PRI;REPUBLICA DE VENEZUELA;Calle De Cerecinos, 8 ;Madrid;Usera;28026;915698392;914695258;Público
Madrid-Capital;28006159;CP INF-PRI;REPUBLICA DEL BRASIL;Avenida De Los Fueros, 34 ;Madrid;Usera;28041;917923478;917920822;Público
Madrid-Capital;28006184;CP INF-PRI;REPUBLICA DEL PARAGUAY;Calle De Manresa, 60 ;Madrid;Fuencarral-El Pardo;28034;917343888;917351680;Público
Madrid-Capital;28006196;CP INF-PRI;REPUBLICA DEL URUGUAY;Avenida De Nuestra Señora De Valvanera, 120 ;Madrid;Latina;28047;914661360;914613919;Público
Madrid-Capital;28006160;CP INF-PRI;REPUBLICA DOMINICANA;Ronda De Don Bosco, 2 ;Madrid;Carabanchel;28044;914629060;914662819;Público
Madrid-Capital;28041767;CP INF-PRI;ROSA LUXEMBURGO;Calle Del Bardegueral, 16 ;Madrid;Moncloa-Aravaca;28023;913570212;913570661;Público
Madrid-Capital;28006238;CP INF-PRI;RUFINO BLANCO;Calle Del General Álvarez De Castro, 46 ;Madrid;Chamberí;28010;914484083;915944701;Público
Madrid-Capital;28006251;CP INF-PRI;SAGUNTO;Calle De Paterna, 14 ;Madrid;Villaverde;28021;917976726;917976726;Público
Madrid-Capital;28019658;CP INF-PRI;SAN BENITO;Calle De Juan Pérez Zúñiga, 36 ;Madrid;Ciudad Lineal;28027;913670800;913670800;Público
Madrid-Capital;28006263;CP INF-PRI;SAN CARLOS;Calle De Geología, 2 ;Madrid;Villaverde;28021;917966105;917979728;Público
Madrid-Capital;28010990;CP INF-PRI;SAN CRISTOBAL;Calle De Bravo Murillo, 39 ;Madrid;Chamberí;28015;914481381;914480206;Público
Madrid-Capital;28006275;CP INF-PRI;SAN EUGENIO Y SAN ISIDRO;Calle De Peñuelas, 31 ;Madrid;Arganzuela;28005;914737711;914737785;Público
Madrid-Capital;28006305;CP INF-PRI;SAN IGNACIO DE LOYOLA;Avenida De Abrantes, 1 ;Madrid;Carabanchel;28025;915651989;914698461;Público
Madrid-Capital;28006317;CP INF-PRI;SAN ILDEFONSO;Calle De Alfonso Vi, 1 ;Madrid;Centro;28005;913643923;913641170;Público
Madrid-Capital;28006329;CP INF-PRI;SAN ISIDORO;Calle De Fuenterrabía, 15 ;Madrid;Retiro;28014;915514845;915015983;Público
Madrid-Capital;28030472;CP INF-PRI;SAN JUAN BAUTISTA;Calle De Sorzano, 1 ;Madrid;Ciudad Lineal;28043;914131225;915194638;Público
Madrid-Capital;28011015;CP INF-PRI;SAN JUAN BOSCO;Calle De Santa Irene, 2 ;Madrid;Ciudad Lineal;28017;914053610;914043233;Público
Madrid-Capital;28006354;CP INF-PRI;SAN JUAN DE LA CRUZ;Calle De Honduras, 10 ;Madrid;Chamartín;28016;913453044;913509861;Público
Madrid-Capital;28019567;CP INF-PRI;SAN MIGUEL;Avenida De La Virgen Del Carmen, 32 ;Madrid;Hortaleza;28033;917639281;917639281;Público
Madrid-Capital;28006366;CP INF-PRI;SAN PABLO;Plaza De Peña Morraz, 1 ;Madrid;Puente de Vallecas;28038;913031550;913031550;Público
Madrid-Capital;28014272;CP INF-PRI;SAN ROQUE;Calle Del Oxígeno, 43 ;Madrid;Villaverde;28021;917962774;917100003;Público
Madrid-Capital;28006381;CP INF-PRI;SANTA MARIA;Calle Del Casino, 7 ;Madrid;Centro;28005;915275281;914673704;Público
Madrid-Capital;28006391;CP INF-PRI;SANTO DOMINGO;Calle De San Feliu De Guixols, 7 ;Madrid;Puente de Vallecas;28038;917785293;913037833;Público
Madrid-Capital;28010394;CP INF-PRI;TOMAS BRETON;Calle De Alejandro Dumas, 4 ;Madrid;Arganzuela;28005;913642214;913667387;Público
Madrid-Capital;28045098;CP INF-PRI;VALDEBERNARDO;Calle Del Tren De Arganda, 9 ;Madrid;Vicálvaro;28032;913713523;913051773;Público
Madrid-Capital;28004941;CP INF-PRI;VASCO NUÑEZ DE BALBOA;Calle De Nuestra Señora De Valverde, 149 ;Madrid;Fuencarral-El Pardo;28034;917343267;917355336;Público
Madrid-Capital;28011040;CP INF-PRI;VAZQUEZ DE MELLA;Calle De Bailén, 18 ;Madrid;Centro;28005;913654878;913665312;Público
Madrid-Capital;28030411;CP INF-PRI;VICALVARO;Calle De Forges, 15 ;Madrid;Vicálvaro;28032;917769938;913718488;Público
Madrid-Capital;28025981;CP INF-PRI;VIRGEN DEL CERRO;Calle De Mohernando, 1 ;Madrid;Puente de Vallecas;28038;917785083;917784994;Público
Madrid-Capital;28031075;CP INF-PRI;VIRGEN DEL CORTIJO;Avenida De Manoteras, 41 ;Madrid;Hortaleza;28050;917661215;913844438;Público
Madrid-Capital;28066090;CP INF-PRI;WINSTON CHURCHILL;Avenida De La Gran Vía Del Este, 5 ;Madrid;Vicálvaro;28032;913716066;917604921;Público
Madrid-Capital;28063799;CP INF-PRI-SEC;ADOLFO SUAREZ;Calle De La Infanta Catalina Micaela, 31 ;Madrid;Hortaleza;28050;917502058;917189274;Público
Madrid-Capital;28006408;CP INF-PRI-SEC;TIRSO DE MOLINA;Calle Del Bronce, 1 ;Madrid;Arganzuela;28045;915278932;914683695;Público
Madrid-Capital;28011349;CPR INF-PRI;ARCANGEL;Calle De Ángel Ganivet, 17 ;Madrid;Retiro;28007;915523525;911191309;Privado Concertado
Madrid-Capital;28032195;CPR INF-PRI;CENIT;Calle De Vital Aza, 31 ;Madrid;Ciudad Lineal;28017;914087145;914087145;Privado Concertado
Madrid-Capital;28011520;CPR INF-PRI;CENTRAL;Calle De Manuel Muñoz, 9 ;Madrid;Usera;28026;914759629;912450019;Privado Concertado
Madrid-Capital;28019981;CPR INF-PRI;CENTRO DE ESTUDIOS CASTILLA;Calle Del Oso, 23 ;Madrid;Centro;28012;914684967;915060720;Privado Concertado
Madrid-Capital;28022529;CPR INF-PRI;CERVANTES;Calle De Elvas, 2 ;Madrid;Carabanchel;28025;914606748;914608036;Privado Concertado
Madrid-Capital;28043223;CPR INF-PRI;COLEGIO DIOCESANO CRISTO DE LA GUIA;Calle De Ezcaray, 3 ;Madrid;Vicálvaro;28032;917768593;917762246;Privado Concertado
Madrid-Capital;28015537;CPR INF-PRI;CUMBRE-OXFORD;Calle De Buendía, 50-52 ;Madrid;Puente de Vallecas;28053;915075753;915075753;Privado Concertado
Madrid-Capital;28026110;CPR INF-PRI;DOSPARQUES;Calle De San Anastasio, 4 ;Madrid;Arganzuela;28005;914739985;914739985;Privado Concertado
Madrid-Capital;28011805;CPR INF-PRI;DULCE NOMBRE DE JESUS;Calle De Agustín Durán, 20 ;Madrid;Salamanca;28028;917256614;917250677;Privado Concertado
Madrid-Capital;28032225;CPR INF-PRI;JESUS MARIA-NTRA. SRA. CARIDAD DEL COBRE;Calle De Los Hermanos García Noblejas, 17 ;Madrid;San Blas-Canillejas;28037;913670456;911305633;Privado Concertado
Madrid-Capital;28008016;CPR INF-PRI;LA MERCED;Calle De Luis De Góngora, 5 ;Madrid;Centro;28004;915232299;915221430;Privado Concertado
Madrid-Capital;28012810;CPR INF-PRI;LA MILAGROSA;Calle Del Puerto Del Monasterio, 35 ;Madrid;Puente de Vallecas;28018;914778158;914786412;Privado Concertado
Madrid-Capital;28020041;CPR INF-PRI;LA SALLE-LA PALOMA-FUNDACION LARA;Calle De La Paloma, 21 ;Madrid;Centro;28005;913641082;913651428;Privado Concertado
Madrid-Capital;28008600;CPR INF-PRI;LICEO OROQUIETA;Calle Del Sáhara, 79 ;Madrid;Villaverde;28041;917961495;917967558;Privado Concertado
Madrid-Capital;28044872;CPR INF-PRI;LICEO ROSALES;Calle De Ignacio Santos Viñuelas, 9 ;Madrid;Villaverde;28021;917982959;917976602;Privado Concertado
Madrid-Capital;28029159;CPR INF-PRI;LUIS FEITO;Calle De Luis Feíto, 19 ;Madrid;Latina;28047;914623137;914623137;Privado Concertado
Madrid-Capital;28012676;CPR INF-PRI;MARIA CRISTINA;Calle De Antillón, 6 ;Madrid;Latina;28011;914643175;914630279;Privado Concertado
Madrid-Capital;28021975;CPR INF-PRI;MIRASOL;Calle De Peña Dorada, 4 ;Madrid;Fuencarral-El Pardo;28034;917386100;917382088;Privado Concertado
Madrid-Capital;28017339;CPR INF-PRI;NEBRIJA-ROSALES;Calle De Carlos Domingo, 10-12 ;Madrid;Latina;28047;914650315;914657541;Privado Concertado
Madrid-Capital;28008296;CPR INF-PRI;NTRA. SRA. DE FATIMA;Calle De Alcalá, 292 ;Madrid;Ciudad Lineal;28027;913260455;913260455;Privado Concertado
Madrid-Capital;28013279;CPR INF-PRI;NTRA. SRA. DE LA MERCED;Calle De Zaida, 87 ;Madrid;Carabanchel;28019;914727650;914722261;Privado Concertado
Madrid-Capital;28008430;CPR INF-PRI;NTRA. SRA. DE LA PAZ;Calle De Valderribas, 37 ;Madrid;Retiro;28007;915528595;915528595;Privado Concertado
Madrid-Capital;28013701;CPR INF-PRI;SAGRADA FAMILIA;Calle De Eduardo Aunos, 32 ;Madrid;Salamanca;28028;915733154;915733154;Privado Concertado
Madrid-Capital;28013826;CPR INF-PRI;SAGRADOS CORAZONES;Calle De Pan Y Toros, 45 ;Madrid;Villaverde;28041;913172526;913172526;Privado Concertado
Madrid-Capital;28008995;CPR INF-PRI;SAN ANTONIO;Calle De Bravo Murillo, 150 ;Madrid;Tetuán;28020;915339106;914560029;Privado Concertado
Madrid-Capital;28013966;CPR INF-PRI;SAN FERMIN;Calle De La Estafeta, 17 ;Madrid;Usera;28041;917920535;914750587;Privado Concertado
Madrid-Capital;28007371;CPR INF-PRI;SAN LUIS-FELCA;Calle De Dolores Barranco, 65 ;Madrid;Usera;28026;914758162;914756923;Privado Concertado
Madrid-Capital;28009422;CPR INF-PRI;SAN RAFAEL ARCANGEL-SANTA LUISA;Calle De Otero Y Delage, 105 ;Madrid;Fuencarral-El Pardo;28035;913161723;913168114;Privado Concertado
Madrid-Capital;28017777;CPR INF-PRI;SANTA CRUZ;Calle De Miguel Fleta, 7 ;Madrid;San Blas-Canillejas;28037;913040609;913270590;Privado Concertado
Madrid-Capital;28009495;CPR INF-PRI;SANTA ELIZABETH;Calle De Viera Y Clavijo, 14 ;Madrid;Retiro;28007;915512615;915512615;Privado Concertado
Madrid-Capital;28009586;CPR INF-PRI;SANTA MARIA;Calle De Tolosa, 6 ;Madrid;Usera;28041;913415193;913418780;Privado Concertado
Madrid-Capital;28010060;CPR INF-PRI;VIRGEN DEL PILAR;Calle De Melchor Fernández Almagro, 70 ;Madrid;Fuencarral-El Pardo;28029;917390277;917319621;Privado Concertado
Madrid-Capital;28032183;CPR INF-PRI;VIRGEN MILAGROSA;Calle Del Mar De Coral, 3 ;Madrid;Hortaleza;28033;917638756;913820428;Privado Concertado
Madrid-Capital;28018061;CPR INF-PRI-SEC;AGORA;Calle Del Marqués De Portugalete, 17 ;Madrid;Ciudad Lineal;28027;917421891;917421813;Privado Concertado
Madrid-Capital;28015392;CPR INF-PRI-SEC;AGRUPACION ESCOLAR EUROPA;Calle De Miguel Solas, 12 ;Madrid;Villaverde;28021;917955158;917968513;Privado Concertado
Madrid-Capital;28019828;CPR INF-PRI-SEC;AGUSTINIANO;Calle Del Pez Austral, 13 ;Madrid;Retiro;28007;915740000;914096201;Privado Concertado
Madrid-Capital;28011246;CPR INF-PRI-SEC;AMOR DE DIOS;Calle De Gutiérrez Canales, 15 ;Madrid;San Blas-Canillejas;28022;917410114;917415820;Privado Concertado
Madrid-Capital;28011258;CPR INF-PRI-SEC;AMOR MISERICORDIOSO;Paseo De San Francisco De Sales, 42 ;Madrid;Chamberí;28003;915332233;915332507;Privado Concertado
Madrid-Capital;28011261;CPR INF-PRI-SEC;AMOROS;Calle De Gómez De Arteche, 28 ;Madrid;Carabanchel;28044;915111130;915083064;Privado Concertado
Madrid-Capital;28010436;CPR INF-PRI-SEC;ASUNCION CUESTABLANCA;Calle Asunción Cuestablanca, 11 ;Madrid;Hortaleza;28050;913020549;917662234;Privado Concertado
Madrid-Capital;28012962;CPR INF-PRI-SEC;ASUNCION-VALLECAS;Calle De Montseny, 25 ;Madrid;Puente de Vallecas;28038;914336991;915520042;Privado Concertado
Madrid-Capital;28015550;CPR INF-PRI-SEC;AZORIN;Calle De Arzúa, 28 ;Madrid;Hortaleza;28033;913821720;917630722;Privado Concertado
Madrid-Capital;28006809;CPR INF-PRI-SEC;BEATA FILIPINA-FUND.FELICIANA VIERTOLA;Calle De José De Cadalso, 50 ;Madrid;Latina;28044;917063021;917063021;Privado Concertado
Madrid-Capital;28005131;CPR INF-PRI-SEC;BEATA MARIA ANA DE JESUS;Calle De Guillermo De Osma, 10 ;Madrid;Arganzuela;28045;914735558;913545186;Privado Concertado
Madrid-Capital;28021690;CPR INF-PRI-SEC;BERNADETTE;Calle De Santa Bernardita, 1 ;Madrid;Moncloa-Aravaca;28023;913071146;913070494;Privado Concertado
Madrid-Capital;28022414;CPR INF-PRI-SEC;BIENAVENTURADA VIRGEN MARIA;Calle De Cullera, 17 ;Madrid;Latina;28047;914623372;915251742;Privado Concertado
Madrid-Capital;28008107;CPR INF-PRI-SEC;BLANCA DE CASTILLA;Paseo De Eduardo Dato, 2 ;Madrid;Chamberí;28010;914460398;915939922;Privado Concertado
Madrid-Capital;28013103;CPR INF-PRI-SEC;CALASANCIO-NTRA.SRA.DE LAS ESCUELAS PIAS;Calle Del Conde De Peñalver, 51 ;Madrid;Salamanca;28006;914449400;914016433;Privado Concertado
Madrid-Capital;28011477;CPR INF-PRI-SEC;CARDENAL SPINOLA;Calle Del Cardenal Marcelo Spinola, 34 ;Madrid;Chamartín;28016;913022040;917661395;Privado Concertado
Madrid-Capital;28020156;CPR INF-PRI-SEC;CASA DE LA VIRGEN;Calle De La Virgen Del Val, 1 ;Madrid;Ciudad Lineal;28027;914041788;913269087;Privado Concertado
Madrid-Capital;28015094;CPR INF-PRI-SEC;CENTRO CULTURAL ELFO;Calle Del Elfo, 74 ;Madrid;Ciudad Lineal;28027;913673653;914081287;Privado Concertado
Madrid-Capital;28019142;CPR INF-PRI-SEC;CENTRO CULTURAL PALOMERAS;Calle De Luis Marín, S/n ;Madrid;Puente de Vallecas;28038;917863865;917863865;Privado Concertado
Madrid-Capital;28016271;CPR INF-PRI-SEC;CENTRO CULTURAL SALMANTINO;Calle Del Puerto De Pajares, 6 ;Madrid;Puente de Vallecas;28053;914786571;914786571;Privado Concertado
Madrid-Capital;28062497;CPR INF-PRI-SEC;CENTRO EDUCATIVO PONCE DE LEON;Calle De Eduardo Barreiros, 6 ;Madrid;Usera;28041;913178441;913177715;Privado Concertado
Madrid-Capital;28020120;CPR INF-PRI-SEC;CHAMBERI;Calle De Rafael Calvo, 12 ;Madrid;Chamberí;28010;914456250;914440340;Privado Concertado
Madrid-Capital;28011593;CPR INF-PRI-SEC;CIUDAD DE LOS MUCHACHOS;Calle De Santa Marta, 15 ;Madrid;Puente de Vallecas;28038;914342030;915017177;Privado Concertado
Madrid-Capital;28015148;CPR INF-PRI-SEC;CLARET;Calle De Corazón De María, 1 ;Madrid;Chamartín;28002;914152154;914167092;Privado Concertado
Madrid-Capital;28069251;CPR INF-PRI-SEC;COLEGIO ABACO;Avenida De La Peseta, 8 ;Madrid;Latina;28054;915114064;915081150;Privado Concertado
Madrid-Capital;28037983;CPR INF-PRI-SEC;COLEGIO ADDIS;Calle Vieja De Pinto, 15 ;Madrid;Villaverde;28021;917970422;-;Privado Concertado
Madrid-Capital;28073151;CPR INF-PRI-SEC;COLEGIO ARENALES CARABANCHEL;Avenida De Los Poblados, 151 ;Madrid;Carabanchel;28025;912250610;911984558;Privado Concertado
Madrid-Capital;28067318;CPR INF-PRI-SEC;COLEGIO ARTICA;Calle De Los Morales, 25 ;Madrid;Carabanchel;28054;915112615;914006071;Privado Concertado
Madrid-Capital;28072132;CPR INF-PRI-SEC;COLEGIO CEU SAN PABLO EN SANCHINARRO;Avenida Del Alcalde Conde De Mayalde, 45 ;Madrid;Hortaleza;28050;913923440;-;Privado Concertado
Madrid-Capital;28022566;CPR INF-PRI-SEC;COLEGIO DE JESUS;Calle Del Timón, 18 ;Madrid;Barajas;28042;917477022;-;Privado Concertado
Madrid-Capital;28005799;CPR INF-PRI-SEC;COLEGIO DIOCESANO MARIA INMACULADA - JOAQUIN TURINA;Calle De Joaquín Turina, 62 ;Madrid;Carabanchel;28044;915092950;917051461;Privado Concertado
Madrid-Capital;28005787;CPR INF-PRI-SEC;COLEGIO DIOCESANO MARIA INMACULADA - MOGAMBO;Calle De Mogambo, 5 ;Madrid;Puente de Vallecas;28018;917774651;917850880;Privado Concertado
Madrid-Capital;28072144;CPR INF-PRI-SEC;COLEGIO ESTUDIANTES LAS TABLAS;Calle De Fromista, 1 ;Madrid;Fuencarral-El Pardo;28050;918250075;916353597;Privado Concertado
Madrid-Capital;28069285;CPR INF-PRI-SEC;COLEGIO GAUDEM;Calle De La Playa De Barlovento, 14 ;Madrid;Barajas;28042;913886477;913010182;Privado Concertado
Madrid-Capital;28011775;CPR INF-PRI-SEC;COLEGIO INSTITUCION DEL DIVINO MAESTRO;Calle De San Vicente Ferrer, 82 ;Madrid;Centro;28015;915329123;915213197;Privado Concertado
Madrid-Capital;28064202;CPR INF-PRI-SEC;COLEGIO INTERNACIONAL J.H. NEWMAN;Avenida De Guadalajara, 28-32 ;Madrid;San Blas-Canillejas;28032;917609184;913135739;Privado Concertado
Madrid-Capital;28013048;CPR INF-PRI-SEC;COLEGIO LA MILAGROSA;Calle De Monseñor Oscar Romero, 54 ;Madrid;Carabanchel;28025;914623066;914623133;Privado Concertado
Madrid-Capital;28013851;CPR INF-PRI-SEC;COLEGIO LA SALLE SAN RAFAEL;Calle De Fernando El Católico, 49 ;Madrid;Chamberí;28015;915447395;915432703;Privado Concertado
Madrid-Capital;28007309;CPR INF-PRI-SEC;COLEGIO NUEVO EQUIPO;Calle De López De Aranda, 5 ;Madrid;Ciudad Lineal;28027;917421611;917422016;Privado Concertado
Madrid-Capital;28015033;CPR INF-PRI-SEC;COLEGIO SAN PEDRO APOSTOL;Calle De Babilonia, 19 ;Madrid;Barajas;28042;913055605;913056074;Privado Concertado
Madrid-Capital;28014685;CPR INF-PRI-SEC;COLEGIO SENARA;Avenida De Moratalaz, 178 ;Madrid;Moratalaz;28030;913016070;913016075;Privado Concertado
Madrid-Capital;28073173;CPR INF-PRI-SEC;COLEGIO STELLA MARIS LA GAVIA;Calle Peñaranda De Bracamonte C/v Entrepeñas, 9 ;Madrid;Villa de Vallecas;28051;913005070;913852359;Privado Concertado
Madrid-Capital;28070846;CPR INF-PRI-SEC;COLEGIO TORREVILANO;Calle Del Embalse De Navacerrada, 9 ;Madrid;Villa de Vallecas;28051;914945959;913851811;Privado Concertado
Madrid-Capital;28065747;CPR INF-PRI-SEC;COLEGIO VALDEFUENTES;Calle De Ana De Austria, 6 ;Madrid;Hortaleza;28050;902252292;911441495;Privado Concertado
Madrid-Capital;28069273;CPR INF-PRI-SEC;COLEGIO VILLAMADRID;Calle Transversal Sexta, 17 ;Madrid;Villaverde;28021;917979272;917964834;Privado Concertado
Madrid-Capital;28035275;CPR INF-PRI-SEC;COMUNIDAD INFANTIL DE VILLAVERDE;Calle De Villastar, 10 ;Madrid;Villaverde;28021;917950884;917100331;Privado Concertado
Madrid-Capital;28011647;CPR INF-PRI-SEC;CORAZON DE MARIA;Calle De Zigia, 1 ;Madrid;Ciudad Lineal;28027;913671269;913682106;Privado Concertado
Madrid-Capital;28011635;CPR INF-PRI-SEC;CORAZON INMACULADO;Calle De López De Hoyos, 59 ;Madrid;Chamartín;28002;915618049;915614089;Privado Concertado
Madrid-Capital;28011659;CPR INF-PRI-SEC;CORPUS CHRISTI;Calle De Amara, 4 ;Madrid;Ciudad Lineal;28027;913679327;914086723;Privado Concertado
Madrid-Capital;28007127;CPR INF-PRI-SEC;CRISTO REY;Avenida De San Luis, 29 ;Madrid;Hortaleza;28033;913021636;917668471;Privado Concertado
Madrid-Capital;28007139;CPR INF-PRI-SEC;CRISTO REY;Calle De Santa Úrsula, 5 ;Madrid;Latina;28011;914636445;915260656;Privado Concertado
Madrid-Capital;28011726;CPR INF-PRI-SEC;DECROLY;Calle De Guzmán El Bueno, 60 ;Madrid;Chamberí;28015;915492505;915492509;Privado Concertado
Madrid-Capital;28011763;CPR INF-PRI-SEC;DIVINA PASTORA;Calle De Emilio Ortuño, 13 ;Madrid;Puente de Vallecas;28038;914331150;914331251;Privado Concertado
Madrid-Capital;28015902;CPR INF-PRI-SEC;DIVINA PASTORA;Calle De Santa Engracia, 142 ;Madrid;Chamberí;28003;915341012;915538504;Privado Concertado
Madrid-Capital;28005295;CPR INF-PRI-SEC;DIVINO CORAZON;Calle Del Divino Redentor, 55-57 ;Madrid;Tetuán;28029;913158107;913150210;Privado Concertado
Madrid-Capital;28010540;CPR INF-PRI-SEC;DIVINO MAESTRO;Paseo De Extremadura, 165 ;Madrid;Latina;28011;914649481;914640918;Privado Concertado
Madrid-Capital;28069261;CPR INF-PRI-SEC;EDITH STEIN;Calle Simca, 20 ;Madrid;Usera;28041;913412879;911739441;Privado Concertado
Madrid-Capital;28006779;CPR INF-PRI-SEC;EL AVE MARIA;Calle Del Doctor Salgado, 16 ;Madrid;Puente de Vallecas;28038;914306527;914379444;Privado Concertado
Madrid-Capital;28011490;CPR INF-PRI-SEC;EL CARMELO TERESIANO;Calle De Nuñomoral, 1 ;Madrid;Latina;28044;917052427;917106655;Privado Concertado
Madrid-Capital;28015847;CPR INF-PRI-SEC;EL CID;Calle De San Cipriano, 34 ;Madrid;Vicálvaro;28032;917760262;917760262;Privado Concertado
Madrid-Capital;28008703;CPR INF-PRI-SEC;EL PORVENIR;Calle De Bravo Murillo, 85 ;Madrid;Chamberí;28003;915331337;915345492;Privado Concertado
Madrid-Capital;28049857;CPR INF-PRI-SEC;EL VALLE;Calle De Cordel De Pavones, 2 ;Madrid;Vicálvaro;28032;917511510;917511693;Privado Concertado
Madrid-Capital;28065735;CPR INF-PRI-SEC;EL VALLE II;Calle De Ana De Austria, 60 ;Madrid;Hortaleza;28050;917188426;917188721;Privado Concertado
Madrid-Capital;28067321;CPR INF-PRI-SEC;EL VALLE III;Calle De Cebreiro, 2 ;Madrid;Fuencarral-El Pardo;28050;914273503;914273055;Privado Concertado
Madrid-Capital;28008958;CPR INF-PRI-SEC;ENRIQUETA AYMER;Calle De Mirabel, 38 ;Madrid;Latina;28044;917052100;915090212;Privado Concertado
Madrid-Capital;28037971;CPR INF-PRI-SEC;ESPIRITU SANTO;Calle De San Emilio, 54 ;Madrid;Ciudad Lineal;28017;914055439;914043803;Privado Concertado
Madrid-Capital;28011945;CPR INF-PRI-SEC;FRAY LUIS DE LEON;Calle De Evaristo San Miguel, 10 ;Madrid;Moncloa-Aravaca;28008;915472400;915595192;Privado Concertado
Madrid-Capital;28037405;CPR INF-PRI-SEC;FUENTELARREYNA;Calle De Ramón Gómez De La Serna, 24 ;Madrid;Fuencarral-El Pardo;28035;913732328;913862655;Privado Concertado
Madrid-Capital;28007395;CPR INF-PRI-SEC;FUNDACION CALDEIRO;Avenida De Los Toreros, 45 ;Madrid;Salamanca;28028;917255200;917257300;Privado Concertado
Madrid-Capital;28014478;CPR INF-PRI-SEC;FUNDACION SANTAMARCA;Calle De Marcenado, 50 ;Madrid;Chamartín;28002;914158640;914159740;Privado Concertado
Madrid-Capital;28011970;CPR INF-PRI-SEC;GAMO DIANA;Calle De Tembleque, 104 ;Madrid;Latina;28024;917176946;917181358;Privado Concertado
Madrid-Capital;28067331;CPR INF-PRI-SEC;GSD  LAS SUERTES;Calle De Rafael De León, 10 ;Madrid;Villa de Vallecas;28051;913853505;913853404;Privado Concertado
Madrid-Capital;28045566;CPR INF-PRI-SEC;GSD  VALLECAS;Avenida Del Parque De Palomeras Bajas, 14 ;Madrid;Puente de Vallecas;28018;917853412;917853822;Privado Concertado
Madrid-Capital;28056886;CPR INF-PRI-SEC;GSD MORATALAZ;Calle De Luis De Hoyos Sáinz, 170 ;Madrid;Moratalaz;28030;917723811;917723121;Privado Concertado
Madrid-Capital;28015987;CPR INF-PRI-SEC;INMACULADA CONCEPCION;Calle Del General Díaz Porlier, 25 ;Madrid;Salamanca;28001;914314420;915782934;Privado Concertado
Madrid-Capital;28022475;CPR INF-PRI-SEC;INSTITUCION PROFESIONAL SALESIANA;Ronda De Don Bosco, 3 ;Madrid;Carabanchel;28044;915087640;915086152;Privado Concertado
Madrid-Capital;28007607;CPR INF-PRI-SEC;JESUS MAESTRO;Calle De Juan Vigón, 8 ;Madrid;Chamberí;28003;915530807;915346613;Privado Concertado
Madrid-Capital;28012354;CPR INF-PRI-SEC;JESUS MARIA;Calle De Juan Bravo, 13 ;Madrid;Salamanca;28006;914319520;915781696;Privado Concertado
Madrid-Capital;28036474;CPR INF-PRI-SEC;JUAN DE VALDES;Avenida De Canillejas A Vicálvaro, 135 ;Madrid;San Blas-Canillejas;28022;913069750;913130262;Privado Concertado
Madrid-Capital;28019270;CPR INF-PRI-SEC;LA INMACULADA;Avenida De La Virgen Del Carmen, 13 ;Madrid;Hortaleza;28033;917634509;917644191;Privado Concertado
Madrid-Capital;28021902;CPR INF-PRI-SEC;LA INMACULADA;Calle De Navalperal, 9 ;Madrid;Moncloa-Aravaca;28035;914500608;914597867;Privado Concertado
Madrid-Capital;28012196;CPR INF-PRI-SEC;LA INMACULADA-MARILLAC;Calle De García De Paredes, 37 ;Madrid;Chamberí;28010;914453534;915912834;Privado Concertado
Madrid-Capital;28021999;CPR INF-PRI-SEC;LA NATIVIDAD;Calle De Torrox, 4 ;Madrid;Usera;28041;917924502;917924502;Privado Concertado
Madrid-Capital;28042498;CPR INF-PRI-SEC;LA PRESENTACION DE NTRA.SRA.;Plaza De La Vicalvarada, 1 ;Madrid;Vicálvaro;28032;917764323;917764672;Privado Concertado
Madrid-Capital;28062217;CPR INF-PRI-SEC;LA PURISIMA;Calle De Ricardo Ortiz, 29 ;Madrid;Ciudad Lineal;28017;917262805;913614212;Privado Concertado
Madrid-Capital;28013863;CPR INF-PRI-SEC;LA SALLE;Calle Del General Romero Basart, 50 ;Madrid;Latina;28044;917050011;917058368;Privado Concertado
Madrid-Capital;28008934;CPR INF-PRI-SEC;LA SALLE-SAGRADO CORAZON;Avenida Del Cardenal Herrera Oria, 242 ;Madrid;Fuencarral-El Pardo;28035;917385300;917307493;Privado Concertado
Madrid-Capital;28046901;CPR INF-PRI-SEC;LAS ROSAS;Calle De Calabria C/v A Avda. De Niza, 24, 1 ;Madrid;San Blas-Canillejas;28022;913132334;917754987;Privado Concertado
Madrid-Capital;28067409;CPR INF-PRI-SEC;LAS TABLAS VALVERDE;Paseo De La Tierra De Melide, S/n ;Madrid;Fuencarral-El Pardo;28050;914273506;914273061;Privado Concertado
Madrid-Capital;28011623;CPR INF-PRI-SEC;LICEO CONSUL;Calle De Peironcely, 7 ;Madrid;Puente de Vallecas;28053;917858714;917858809;Privado Concertado
Madrid-Capital;28015291;CPR INF-PRI-SEC;LICEO IBERICO;Calle De Antonio Vicent, 58 ;Madrid;Carabanchel;28019;915691725;915691725;Privado Concertado
Madrid-Capital;28013188;CPR INF-PRI-SEC;LICEO MADARIAGA;Calle De Francisco Madariaga, 11 ;Madrid;Ciudad Lineal;28017;914061491;914061491;Privado Concertado
Madrid-Capital;28011544;CPR INF-PRI-SEC;LICEO SOROLLA B;Calle De Nueva Zelanda, 21 ;Madrid;Moncloa-Aravaca;28035;913164327;913736434;Privado Concertado
Madrid-Capital;28017649;CPR INF-PRI-SEC;LICEO VERSALLES;Calle Del Puerto De Somosierra, 9 ;Madrid;Villa de Vallecas;28031;913325654;913323151;Privado Concertado
Madrid-Capital;28005738;CPR INF-PRI-SEC;LOPEZ VICUÑA;Calle De Hinojal, 7 ;Madrid;San Blas-Canillejas;28037;913202969;913930032;Privado Concertado
Madrid-Capital;28022104;CPR INF-PRI-SEC;LOS OLMOS;Calle De Los Astros, 13 ;Madrid;Retiro;28007;914009866;914009867;Privado Concertado
Madrid-Capital;28012032;CPR INF-PRI-SEC;LOS ROBLES;Avenida De La Osa Mayor, 239 ;Madrid;Moncloa-Aravaca;28023;913070330;913572819;Privado Concertado
Madrid-Capital;28067392;CPR INF-PRI-SEC;LOS TILOS;Calle De El Bosco, S/n ;Madrid;Puente de Vallecas;28038;913451116;913598243;Privado Concertado
Madrid-Capital;28020235;CPR INF-PRI-SEC;LOURDES;Calle De San Roberto, 8 ;Madrid;Latina;28011;915180358;915184820;Privado Concertado
Madrid-Capital;28012585;CPR INF-PRI-SEC;LUZ CASANOVA;Calle De La Alondra, 18 ;Madrid;Carabanchel;28025;915254929;915254929;Privado Concertado
Madrid-Capital;28012603;CPR INF-PRI-SEC;LUZ CASANOVA;Calle De Madridejos, 34 ;Madrid;Usera;28026;914753146;914753146;Privado Concertado
Madrid-Capital;28007152;CPR INF-PRI-SEC;LUZ CASANOVA EMBAJADORES;Calle De Aldea Del Fresno, 1 ;Madrid;Arganzuela;28045;914739150;914739150;Privado Concertado
Madrid-Capital;28007826;CPR INF-PRI-SEC;MADRE DE DIOS;Calle De Ángel Muñoz, 5 ;Madrid;Ciudad Lineal;28043;914158169;914139247;Privado Concertado
Madrid-Capital;28007103;CPR INF-PRI-SEC;MADRES CONCEPCIONISTAS;Calle De La Princesa, 19 ;Madrid;Moncloa-Aravaca;28008;915424901;915598313;Privado Concertado
Madrid-Capital;28012779;CPR INF-PRI-SEC;MADRES MERCEDARIAS DE D. JUAN DE ALARCON;Calle De Valverde, 15 ;Madrid;Centro;28004;915224615;915327756;Privado Concertado
Madrid-Capital;28020429;CPR INF-PRI-SEC;MARIA AUXILIADORA;Calle De Villaamil, 18 ;Madrid;Tetuán;28039;913110750;913110462;Privado Concertado
Madrid-Capital;28007917;CPR INF-PRI-SEC;MARIA INMACULADA;Paseo Del General Martínez Campos, 18 ;Madrid;Chamberí;28010;914466119;914466870;Privado Concertado
Madrid-Capital;28007942;CPR INF-PRI-SEC;MARIA REINA;Calle De Gil Y Polo, 7 ;Madrid;Ciudad Lineal;28017;914075372;914075372;Privado Concertado
Madrid-Capital;28012688;CPR INF-PRI-SEC;MARIA REINA;Calle De Aranzueque, 4 ;Madrid;Moncloa-Aravaca;28023;913070294;91 3570834;Privado Concertado
Madrid-Capital;28007954;CPR INF-PRI-SEC;MARIA REINA;Avenida De Orcasur, 42 ;Madrid;Usera;28041;913170237;913177644;Privado Concertado
Madrid-Capital;28019762;CPR INF-PRI-SEC;MARIA VIRGEN;Calle Del Padre Damián, 20 ;Madrid;Chamartín;28036;913440163;913440907;Privado Concertado
Madrid-Capital;28005842;CPR INF-PRI-SEC;MATER AMABILIS;Calle De La Gavia Seca, 15 ;Madrid;Villa de Vallecas;28031;913324935;913323434;Privado Concertado
Madrid-Capital;28007991;CPR INF-PRI-SEC;MATER INMACULATA;Calle De La Madre Antonia París, 1 ;Madrid;Ciudad Lineal;28027;914036200;914036208;Privado Concertado
Madrid-Capital;28016712;CPR INF-PRI-SEC;MATER PURISSIMA;Calle De La Madre Cándida María De Jesús, 4 ;Madrid;Usera;28026;914758054;915001210;Privado Concertado
Madrid-Capital;28012767;CPR INF-PRI-SEC;MENESIANO;Avenida De Brasilia, 11 ;Madrid;Salamanca;28028;917269804;910020597;Privado Concertado
Madrid-Capital;28012846;CPR INF-PRI-SEC;MINERVA;Calle De Villardondiego, 15 ;Madrid;Vicálvaro;28032;917762511;917762511;Privado Concertado
Madrid-Capital;28008053;CPR INF-PRI-SEC;MIRASIERRA;Calle De Ascao, 33 ;Madrid;Ciudad Lineal;28017;913673087;913675566;Privado Concertado
Madrid-Capital;28011911;CPR INF-PRI-SEC;MONTPELLIER;Calle De La Virgen Del Val, 7 ;Madrid;Ciudad Lineal;28027;914041100;91 4053511;Privado Concertado
Madrid-Capital;28013292;CPR INF-PRI-SEC;MONTSERRAT;Calle De Juan Esplandiu, 2 Bis ;Madrid;Retiro;28007;914008560;915740486;Privado Concertado
Madrid-Capital;28012901;CPR INF-PRI-SEC;NATIVIDAD DE NUESTRA SEÑORA;Calle De Martínez Izquierdo, 8 ;Madrid;Salamanca;28028;913555686;917130855;Privado Concertado
Madrid-Capital;28035044;CPR INF-PRI-SEC;NAZARET;Calle Del Castillo De Uclés, 24 ;Madrid;San Blas-Canillejas;28037;913049368;913272543;Privado Concertado
Madrid-Capital;28007191;CPR INF-PRI-SEC;NAZARET-OPORTO;Calle De Las Clarisas, 4 ;Madrid;Carabanchel;28019;914714902;914722219;Privado Concertado
Madrid-Capital;28022487;CPR INF-PRI-SEC;NERVION;Calle Del Nervión, 2 ;Madrid;Chamartín;28002;915623030;915629180;Privado Concertado
Madrid-Capital;28022499;CPR INF-PRI-SEC;NTRA. SRA. DE FATIMA;Calle De Manuel Muñoz, 30 ;Madrid;Usera;28026;914757880;914761234;Privado Concertado
Madrid-Capital;28013051;CPR INF-PRI-SEC;NTRA. SRA. DE LA CONSOLACION;Plaza De La Madre Molas, 2 ;Madrid;Chamartín;28036;913592905;913455059;Privado Concertado
Madrid-Capital;28015586;CPR INF-PRI-SEC;NTRA. SRA. DE LA ESTRELLA;Calle Del Crucero Baleares, 1 ;Madrid;Puente de Vallecas;28038;914372234;914399551;Privado Concertado
Madrid-Capital;28013255;CPR INF-PRI-SEC;NTRA. SRA. DE LA MERCED;Avenida De Alfonso Xiii, 165 ;Madrid;Chamartín;28016;913508706;913502909;Privado Concertado
Madrid-Capital;28013280;CPR INF-PRI-SEC;NTRA. SRA. DE LA MERCED;Calle De José Luis De Arrese, 5 ;Madrid;Ciudad Lineal;28017;913556394;913611306;Privado Concertado
Madrid-Capital;28015562;CPR INF-PRI-SEC;NTRA. SRA. DE LA PROVIDENCIA;Calle De Monederos, 2 ;Madrid;Usera;28026;914753009;915002239;Privado Concertado
Madrid-Capital;28031993;CPR INF-PRI-SEC;NTRA. SRA. DE LA VEGA;Calle De Chantada, 28 ;Madrid;Fuencarral-El Pardo;28029;917386700;917386060;Privado Concertado
Madrid-Capital;28022633;CPR INF-PRI-SEC;NTRA. SRA. DE LAS DELICIAS;Paseo De Las Delicias, 67 ;Madrid;Arganzuela;28045;915274934;915280168;Privado Concertado
Madrid-Capital;28013097;CPR INF-PRI-SEC;NTRA. SRA. DE LAS ESCUELAS PIAS;Calle De Ocaña, 191 ;Madrid;Latina;28047;917183685;917178781;Privado Concertado
Madrid-Capital;28013115;CPR INF-PRI-SEC;NTRA. SRA. DE LAS ESCUELAS PIAS;Calle De Eugenia De Montijo, 83 ;Madrid;Carabanchel;28044;914654400;914654511;Privado Concertado
Madrid-Capital;28008405;CPR INF-PRI-SEC;NTRA. SRA. DE LAS NIEVES;Calle De Alcalá, 589 ;Madrid;San Blas-Canillejas;28022;917410009;917410009;Privado Concertado
Madrid-Capital;28013450;CPR INF-PRI-SEC;NTRA. SRA. DE LAS VICTORIAS;Calle Del Apóstol Santiago, 72 ;Madrid;Ciudad Lineal;28017;914035303;914047292;Privado Concertado
Madrid-Capital;28016694;CPR INF-PRI-SEC;NTRA. SRA. DE LORETO;Calle Del Príncipe De Vergara, 42 ;Madrid;Salamanca;28001;915765008;915772838;Privado Concertado
Madrid-Capital;28012949;CPR INF-PRI-SEC;NTRA. SRA. DE LOS ANGELES;Calle De La Canción Del Olvido, 55 ;Madrid;Villaverde;28041;913176203;913699397;Privado Concertado
Madrid-Capital;28019592;CPR INF-PRI-SEC;NTRA. SRA. DE LOS DOLORES;Calle Del Tordo, 11 ;Madrid;Carabanchel;28019;914718954;914719959;Privado Concertado
Madrid-Capital;28030289;CPR INF-PRI-SEC;NTRA. SRA. DE MORATALAZ;Avenida De Moratalaz, 91 ;Madrid;Moratalaz;28030;914392146;914374881;Privado Concertado
Madrid-Capital;28013036;CPR INF-PRI-SEC;NTRA. SRA. DEL CARMEN;Avenida Real De Pinto, 41 ;Madrid;Villaverde;28021;917970146;917960848;Privado Concertado
Madrid-Capital;28008508;CPR INF-PRI-SEC;NTRA. SRA. DEL PILAR;Calle De San Benito, 6 ;Madrid;Tetuán;28029;913151215;913154061;Privado Concertado
Madrid-Capital;28008511;CPR INF-PRI-SEC;NTRA. SRA. DEL PILAR;Calle De Castelló, 56 ;Madrid;Salamanca;28001;915750404;915763890;Privado Concertado
Madrid-Capital;28017844;CPR INF-PRI-SEC;NTRA. SRA. DEL PILAR;Calle De Sánchez Preciados, 62 ;Madrid;Moncloa-Aravaca;28039;914502012;914504981;Privado Concertado
Madrid-Capital;28013371;CPR INF-PRI-SEC;NTRA. SRA. DEL RECUERDO;Plaza Del Duque De Pastrana, 5 ;Madrid;Chamartín;28036;913022640;913839668;Privado Concertado
Madrid-Capital;28013401;CPR INF-PRI-SEC;NTRA. SRA. DEL SAGRADO CORAZON;Calle De La Grandeza Española, 89 ;Madrid;Latina;28011;914639400;914797260;Privado Concertado
Madrid-Capital;28008211;CPR INF-PRI-SEC;NUESTRA SEÑORA DEL BUEN CONSEJO;Calle De Juan Montalvo, 30 ;Madrid;Moncloa-Aravaca;28040;914561870;915358498;Privado Concertado
Madrid-Capital;28008223;CPR INF-PRI-SEC;NUESTRA SEÑORA DEL BUEN CONSEJO;Calle De Ábalos, 5 ;Madrid;Ciudad Lineal;28043;914132551;917440017;Privado Concertado
Madrid-Capital;28015653;CPR INF-PRI-SEC;OBISPO PERELLO;Calle De La Virgen Del Sagrario, 22 ;Madrid;Ciudad Lineal;28027;914060000;914073547;Privado Concertado
Madrid-Capital;28008387;CPR INF-PRI-SEC;OBRA SO.N.S.MONTSERRAT-S.SIMON Y S.JUDAS;Calle De Trévelez, 3 ;Madrid;Usera;28041;913175643;913172496;Privado Concertado
Madrid-Capital;28013838;CPR INF-PRI-SEC;PARAISO SAGRADOS CORAZONES;Calle Del Padre Damián, 34 ;Madrid;Chamartín;28036;913441693;913440892;Privado Concertado
Madrid-Capital;28011209;CPR INF-PRI-SEC;PATROCINIO DE MARIA;Calle De Umbría, 31 ;Madrid;Hortaleza;28043;913001605;913885326;Privado Concertado
Madrid-Capital;28013504;CPR INF-PRI-SEC;PATROCINIO DE SAN JOSE;Calle Del General Moscardó, 24 ;Madrid;Tetuán;28020;915359840;915359841;Privado Concertado
Madrid-Capital;28013565;CPR INF-PRI-SEC;PUREZA DE MARIA;Calle De Lira, 10 ;Madrid;Retiro;28007;915736001;914091150;Privado Concertado
Madrid-Capital;28008791;CPR INF-PRI-SEC;PURISIMA CONCEPCION;Calle De La Puebla, 20 ;Madrid;Centro;28004;915219758;915232836;Privado Concertado
Madrid-Capital;28013590;CPR INF-PRI-SEC;RAFAELA YBARRA;Avenida De Rafaela Ybarra, 73 ;Madrid;Usera;28026;915691205;915608041;Privado Concertado
Madrid-Capital;28013607;CPR INF-PRI-SEC;RAIMUNDO LULIO;Avenida De San Diego, 63 ;Madrid;Puente de Vallecas;28018;914781997;914789043;Privado Concertado
Madrid-Capital;28013191;CPR INF-PRI-SEC;REAL COLEGIO NTRA. SRA. DE LORETO;Calle De O'donnell, 61 ;Madrid;Salamanca;28009;915733210;915737624;Privado Concertado
Madrid-Capital;28009549;CPR INF-PRI-SEC;REAL COLEGIO SANTA ISABEL-LA ASUNCION;Calle De Santa Isabel, 46 ;Madrid;Centro;28012;915273183;915289845;Privado Concertado
Madrid-Capital;28016256;CPR INF-PRI-SEC;REINADO DEL CORAZON DE JESUS;Calle De Walía, 19 ;Madrid;Retiro;28007;915517462;915517939;Privado Concertado
Madrid-Capital;28037791;CPR INF-PRI-SEC;RETIRO;Calle Del Poeta Esteban De Villegas, S/n ;Madrid;Retiro;28014;914335813;915524642;Privado Concertado
Madrid-Capital;28013723;CPR INF-PRI-SEC;SAGRADA FAMILIA;Calle De Jorge Juan, 165 ;Madrid;Salamanca;28028;913559055;913564995;Privado Concertado
Madrid-Capital;28046509;CPR INF-PRI-SEC;SAGRADA FAMILIA;Calle De Oberón, 6 ;Madrid;Moratalaz;28030;913015281;913015287;Privado Concertado
Madrid-Capital;28013759;CPR INF-PRI-SEC;SAGRADA FAMILIA DE URGEL;Avenida De Palomeras, 88 ;Madrid;Puente de Vallecas;28018;913031032;913031029;Privado Concertado
Madrid-Capital;28008892;CPR INF-PRI-SEC;SAGRADO CORAZON;Calle De Santa Magdalena Sofía, 12 ;Madrid;Chamartín;28036;913023540;913839329;Privado Concertado
Madrid-Capital;28008910;CPR INF-PRI-SEC;SAGRADO CORAZON;Calle De San Jaime, 21 ;Madrid;Villa de Vallecas;28031;913030140;913801161;Privado Concertado
Madrid-Capital;28013772;CPR INF-PRI-SEC;SAGRADO CORAZON;Paseo De Santa María De La Cabeza, 115 ;Madrid;Usera;28026;914765112;914755196;Privado Concertado
Madrid-Capital;28008909;CPR INF-PRI-SEC;SAGRADO CORAZON;Avenida De Alfonso Xiii, 127 ;Madrid;Chamartín;28016;913531380;913592142;Privado Concertado
Madrid-Capital;28020107;CPR INF-PRI-SEC;SAGRADO CORAZON;Plaza De La Madre María Ana Mogas, 12 ;Madrid;Fuencarral-El Pardo;28034;917340218;913720028;Privado Concertado
Madrid-Capital;28016268;CPR INF-PRI-SEC;SAGRADO CORAZON;Calle De Don Pedro, 14 ;Madrid;Centro;28005;913653604;913540217;Privado Concertado
Madrid-Capital;28007292;CPR INF-PRI-SEC;SAGRADO CORAZON DE JESUS;Paseo Del General Martínez Campos, 6 ;Madrid;Chamberí;28010;914454512;914469501;Privado Concertado
Madrid-Capital;28013784;CPR INF-PRI-SEC;SAGRADO CORAZON DE JESUS;Calle De Ferraz, 63 ;Madrid;Moncloa-Aravaca;28008;915490358;915499177;Privado Concertado
Madrid-Capital;28013802;CPR INF-PRI-SEC;SAGRADO CORAZON DE JESUS;Calle De Valderribas, 2 ;Madrid;Retiro;28007;915511655;915515018;Privado Concertado
Madrid-Capital;28008946;CPR INF-PRI-SEC;SAGRADOS CORAZONES;Calle De Martín De Los Heros, 91 ;Madrid;Moncloa-Aravaca;28008;915496750;915499764;Privado Concertado
Madrid-Capital;28012640;CPR INF-PRI-SEC;SALESIANOS ATOCHA;Ronda De Atocha, 27 ;Madrid;Arganzuela;28012;915062100;915062110;Privado Concertado
Madrid-Capital;28015471;CPR INF-PRI-SEC;SAN AGUSTIN;Calle Del Padre Damián, 18 ;Madrid;Chamartín;28036;914589620;913441271;Privado Concertado
Madrid-Capital;28016645;CPR INF-PRI-SEC;SAN ALBERTO MAGNO;Travesia De Iván De Vargas, 1 ;Madrid;Carabanchel;28019;915693684;915651281;Privado Concertado
Madrid-Capital;28013887;CPR INF-PRI-SEC;SAN ALFONSO;Calle Del Mesón De Paredes, 78 ;Madrid;Centro;28012;915285705;-;Privado Concertado
Madrid-Capital;28018711;CPR INF-PRI-SEC;SAN BERNARDO;Avenida Del Manzanares, 20-22 ;Madrid;Latina;28011;913666413;913642084;Privado Concertado
Madrid-Capital;28009033;CPR INF-PRI-SEC;SAN BUENAVENTURA;Calle De El Greco, 16 ;Madrid;Latina;28011;915267161;914641687;Privado Concertado
Madrid-Capital;28015136;CPR INF-PRI-SEC;SAN DIEGO Y SAN VICENTE;Paseo De Eduardo Dato, 4 ;Madrid;Chamberí;28010;913082030;913083832;Privado Concertado
Madrid-Capital;28009082;CPR INF-PRI-SEC;SAN EULOGIO;Calle De La Revoltosa, 17 ;Madrid;Villa de Vallecas;28031;913322848;913322848;Privado Concertado
Madrid-Capital;28013991;CPR INF-PRI-SEC;SAN FRANCISCO DE ASIS;Calle De La Madre Carmen Del Niño Jesús, 7 ;Madrid;Chamartín;28002;915634404;915611239;Privado Concertado
Madrid-Capital;28014570;CPR INF-PRI-SEC;SAN GABRIEL;Calle De Eugenia De Montijo, 92 ;Madrid;Carabanchel;28025;914665121;914617026;Privado Concertado
Madrid-Capital;28009185;CPR INF-PRI-SEC;SAN JAIME APOSTOL;Calle De Juan José Martínez Seco, 54 ;Madrid;Villaverde;28021;917980889;917230249;Privado Concertado
Madrid-Capital;28009203;CPR INF-PRI-SEC;SAN JAVIER;Paseo De Santa María De La Cabeza, 85 ;Madrid;Arganzuela;28045;914734216;914737568;Privado Concertado
Madrid-Capital;28009215;CPR INF-PRI-SEC;SAN JOSE;Calle De Francisco Laguna, 21 ;Madrid;Puente de Vallecas;28053;914771158;914771158;Privado Concertado
Madrid-Capital;28017741;CPR INF-PRI-SEC;SAN JOSE;Calle Del Marqués De Viana, 43 ;Madrid;Tetuán;28039;915717414;915716433;Privado Concertado
Madrid-Capital;28017753;CPR INF-PRI-SEC;SAN JOSE;Calle De Emilio Ferrari, 87 ;Madrid;Ciudad Lineal;28017;913674075;913774618;Privado Concertado
Madrid-Capital;28014065;CPR INF-PRI-SEC;SAN JOSE;Calle De Pedro Escudero, 21-23 ;Madrid;Puente de Vallecas;28018;913035747;913035745;Privado Concertado
Madrid-Capital;28009264;CPR INF-PRI-SEC;SAN JOSE;Calle De Moreno Nieto, 1 ;Madrid;Arganzuela;28005;913667203;913667202;Privado Concertado
Madrid-Capital;28020171;CPR INF-PRI-SEC;SAN JOSE-LUCERO;Calle Del Palmípedo, 12 ;Madrid;Latina;28047;914647203;914647203;Privado Concertado
Madrid-Capital;28009291;CPR INF-PRI-SEC;SAN JUAN BAUTISTA;Calle De Francos Rodríguez, 5 ;Madrid;Tetuán;28039;914500000;914501951;Privado Concertado
Madrid-Capital;28017893;CPR INF-PRI-SEC;SAN MARTIN;Avenida Del Doctor García Tapia, 106 ;Madrid;Moratalaz;28030;914390624;914300018;Privado Concertado
Madrid-Capital;28014193;CPR INF-PRI-SEC;SAN MIGUEL ARCANGEL;Calle De Repullés Y Vargas, 11 ;Madrid;Latina;28011;914640050;911109965;Privado Concertado
Madrid-Capital;28014235;CPR INF-PRI-SEC;SAN PEDRO;Calle De José Del Pino, 53 ;Madrid;Villaverde;28021;917979551;917979551;Privado Concertado
Madrid-Capital;28019725;CPR INF-PRI-SEC;SAN RAMON Y SAN ANTONIO;Calle De Rodríguez Marín, 57 ;Madrid;Chamartín;28002;915637151;915637219;Privado Concertado
Madrid-Capital;28046881;CPR INF-PRI-SEC;SAN SATURIO;Calle De Sebastián Herrera, 21-23 ;Madrid;Arganzuela;28012;915394175;915397747;Privado Concertado
Madrid-Capital;28009446;CPR INF-PRI-SEC;SAN VIATOR;Plaza De Fernández Ladreda, 2 ;Madrid;Usera;28026;915697003;915651608;Privado Concertado
Madrid-Capital;28009458;CPR INF-PRI-SEC;SAN VICENTE;Calle Del Butrón, 33 ;Madrid;San Blas-Canillejas;28022;913067074;913067074;Privado Concertado
Madrid-Capital;28006378;CPR INF-PRI-SEC;SANTA ANA Y SAN RAFAEL;Calle Del Doctor Esquerdo, 53 ;Madrid;Salamanca;28028;915738015;915044589;Privado Concertado
Madrid-Capital;28011428;CPR INF-PRI-SEC;SANTA BEATRIZ DE SILVA;Calle De Alfonso Martínez Conde, 4 ;Madrid;Carabanchel;28025;915607943;915607943;Privado Concertado
Madrid-Capital;28014363;CPR INF-PRI-SEC;SANTA CATALINA DE SENA;Avenida De Alfonso Xiii, 160 ;Madrid;Chamartín;28016;913595605;913452335;Privado Concertado
Madrid-Capital;28014417;CPR INF-PRI-SEC;SANTA FRANCISCA JAVIER CABRINI;Calle De Santa Francisca Javier Cabrini, 2 ;Madrid;Hortaleza;28043;913002513;913889463;Privado Concertado
Madrid-Capital;28009525;CPR INF-PRI-SEC;SANTA GEMA GALGANI;Calle De Escalona, 59 ;Madrid;Latina;28024;917115093;917117216;Privado Concertado
Madrid-Capital;28014454;CPR INF-PRI-SEC;SANTA ISABEL;Calle De Hortaleza, 77 ;Madrid;Centro;28004;913100916;913194281;Privado Concertado
Madrid-Capital;28019348;CPR INF-PRI-SEC;SANTA JOAQUINA DE VEDRUNA;Travesia De Costa Brava, 3 ;Madrid;Fuencarral-El Pardo;28034;917340690;917344007;Privado Concertado
Madrid-Capital;28011921;CPR INF-PRI-SEC;SANTA MARIA DE LA HISPANIDAD;Calle Del Vizconde De Uzqueta, 23 ;Madrid;Hortaleza;28042;917412584;917410115;Privado Concertado
Madrid-Capital;28009653;CPR INF-PRI-SEC;SANTA MARIA DE LOS PINOS;Calle De Angelillo, 9 ;Madrid;Puente de Vallecas;28018;917783490;917783490;Privado Concertado
Madrid-Capital;28014491;CPR INF-PRI-SEC;SANTA MARIA DEL BOSQUE;Calle De La Gaviota, 14 ;Madrid;Carabanchel;28025;915250000;915250899;Privado Concertado
Madrid-Capital;28014508;CPR INF-PRI-SEC;SANTA MARIA DEL CARMEN;Calle De Los Misterios, 38 ;Madrid;Ciudad Lineal;28027;913774569;913671792;Privado Concertado
Madrid-Capital;28009641;CPR INF-PRI-SEC;SANTA MARIA DEL PILAR;Calle De Los Reyes Magos, 3 ;Madrid;Retiro;28009;915738007;915040724;Privado Concertado
Madrid-Capital;28020417;CPR INF-PRI-SEC;SANTA MARIA DEL YERMO;Calle De Gaztambide, 91 ;Madrid;Chamberí;28003;915492917;915499326;Privado Concertado
Madrid-Capital;28069297;CPR INF-PRI-SEC;SANTA MARIA LA BLANCA;Calle De Monasterio De Oseira, S/n ;Madrid;Fuencarral-El Pardo;28049;917508692;917508636;Privado Concertado
Madrid-Capital;28008922;CPR INF-PRI-SEC;SANTA MARIA MICAELA;Calle Vía Carpetana, 105 ;Madrid;Carabanchel;28047;914661300;914662099;Privado Concertado
Madrid-Capital;28010448;CPR INF-PRI-SEC;SANTA RAFAELA MARIA;Calle De Santa Rafaela María Del Sagrado Corazón, 112 ;Madrid;Puente de Vallecas;28018;917858014;917852638;Privado Concertado
Madrid-Capital;28014533;CPR INF-PRI-SEC;SANTA RITA;Calle De Eugenia De Montijo, 53 ;Madrid;Carabanchel;28025;914628683;914618210;Privado Concertado
Madrid-Capital;28043077;CPR INF-PRI-SEC;SANTA SUSANA;Calle De Pedro Heredia, 28 ;Madrid;Salamanca;28028;917260357;917252056;Privado Concertado
Madrid-Capital;28009781;CPR INF-PRI-SEC;SANTISIMO SACRAMENTO;Calle De María Auxiliadora, 9 ;Madrid;Moncloa-Aravaca;28040;914598763;913110735;Privado Concertado
Madrid-Capital;28009793;CPR INF-PRI-SEC;SANTISIMO SACRAMENTO;Calle De Arturo Soria, 208 ;Madrid;Ciudad Lineal;28043;914135938;915100216;Privado Concertado
Madrid-Capital;28009801;CPR INF-PRI-SEC;SANTO ANGEL DE LA GUARDA;Calle De Villuercas, 4 ;Madrid;Puente de Vallecas;28053;917855661;915074266;Privado Concertado
Madrid-Capital;28009823;CPR INF-PRI-SEC;SANTO ANGEL DE LA GUARDA;Calle De Alcalá, 587 ;Madrid;San Blas-Canillejas;28022;917416154;917423505;Privado Concertado
Madrid-Capital;28014648;CPR INF-PRI-SEC;SANTO DOMINGO;Glorieta Del Presidente García Moreno, 3 ;Madrid;Moncloa-Aravaca;28003;915332420;915536814;Privado Concertado
Madrid-Capital;28017182;CPR INF-PRI-SEC;SIGLO XXI;Calle De Lituania, 8 ;Madrid;Moratalaz;28030;914375000;914374493;Privado Concertado
Madrid-Capital;28015100;CPR INF-PRI-SEC;STELLA MARIS;Calle De Arturo Soria, 71 ;Madrid;Ciudad Lineal;28027;913672004;913672002;Privado Concertado
Madrid-Capital;28011908;CPR INF-PRI-SEC;TAJAMAR;Calle De Pío Felipe, 12 ;Madrid;Puente de Vallecas;28038;914772500;914782036;Privado Concertado
Madrid-Capital;28064408;CPR INF-PRI-SEC;TIMON;Calle De Rusia, 11 ;Madrid;San Blas-Canillejas;28022;915346935;915358310;Privado Concertado
Madrid-Capital;28022335;CPR INF-PRI-SEC;TRABENCO;Calle De La Reguera De Tomateros, 103 ;Madrid;Puente de Vallecas;28053;917856368;915079149;Privado Concertado
Madrid-Capital;28058135;CPR INF-PRI-SEC;TRES OLIVOS;Calle De Casildea De Vandalia, 3 ;Madrid;Fuencarral-El Pardo;28034;917355160;917352333;Privado Concertado
Madrid-Capital;28015495;CPR INF-PRI-SEC;VALDELUZ;Calle De Fermín Caballero, 53 ;Madrid;Fuencarral-El Pardo;28034;913780099;917387975;Privado Concertado
Madrid-Capital;28006457;CPR INF-PRI-SEC;VEDRUNA;Calle De Santa Joaquina De Vedruna, 3 ;Madrid;Villaverde;28021;917983716;917976752;Privado Concertado
Madrid-Capital;28014867;CPR INF-PRI-SEC;VEDRUNA;Calle Del Espinar, 41 ;Madrid;Carabanchel;28025;914650109;915257505;Privado Concertado
Madrid-Capital;28014910;CPR INF-PRI-SEC;VIRGEN DE ATOCHA;Avenida De La Ciudad De Barcelona, 1 ;Madrid;Retiro;28007;915524804;915529643;Privado Concertado
Madrid-Capital;28014958;CPR INF-PRI-SEC;VIRGEN DE MIRASIERRA;Calle De La Maso, 103 ;Madrid;Fuencarral-El Pardo;28034;917387300;917399195;Privado Concertado
Madrid-Capital;28013395;CPR INF-PRI-SEC;WISDOM SCHOOL MADRID;Calle De José Rodríguez Pinilla, 12 ;Madrid;Chamartín;28016;913595027;913508186;Privado Concertado
Madrid-Capital;28040520;CPR INF-PRI-SEC;ZAZUAR;Calle De Zazuar, 17 ;Madrid;Villa de Vallecas;28031;913314845;913314902;Privado Concertado
Madrid-Capital;28073276;CPR PRI-SEC;BROTMADRID;Calle Del General Romero Basart, 88 ;Madrid;Latina;28044;917107865;917057394;Privado Concertado
Madrid-Capital;28067501;CPR PRI-SEC;C.R.E. ANTONIO VICENTE MOSQUETE;Avenida Del Doctor García Tapia C/v A C/ Oberón ;Madrid;Moratalaz;28030;913535600;913535640;Privado Concertado
Madrid-Capital;28012111;CPR PRI-SEC;HISPANO ALEMAN;Calle De Serrano, 186 ;Madrid;Chamartín;28002;915635563;915627768;Privado Concertado
Madrid-Capital;28034933;CPR PRI-SEC;NUEVA CASTILLA;Calle De Los Montes De Barbanza, 19 ;Madrid;Villa de Vallecas;28031;913315897;-;Privado Concertado
Madrid-Capital;28014107;CPR PRI-SEC;SAN JOSE DE BEGOÑA;Calle De Marcos De Orueta, 15 ;Madrid;Fuencarral-El Pardo;28034;913584136;913340065;Privado Concertado
Madrid-Capital;28027931;CPR PRI-SEC;SAN JUAN GARCIA;Calle De Camarena, 57 ;Madrid;Latina;28047;917198710;917198711;Privado Concertado
Madrid-Capital;28009604;CPR PRI-SEC;SANTA MARIA DE LOS APOSTOLES;Plaza De La Grosella, 4 ;Madrid;Carabanchel;28044;914627411;915251551;Privado Concertado
Madrid-Capital;28014651;CPR PRI-SEC;SANTO DOMINGO SAVIO;Calle De Santo Domingo Savio, 2 ;Madrid;Ciudad Lineal;28017;913683100;913689067;Privado Concertado
Madrid-Capital;28076927;CPR PRI;STELLA MARIS COLLEGE & PREP SCHOOL;Calle De Valdesquí, 16 ;Madrid;Moncloa-Aravaca;28023;-;-;Privado
Madrid-Capital;28011091;CPR INF-PRI;AFUERA III A;Calle De Francisco Vitoria, 16 ;Madrid;Retiro;28007;915516439;915524432;Privado
Madrid-Capital;28046388;CPR INF-PRI;DIONISIA PLAZA;Calle De Los Espinos, 10 ;Madrid;Moncloa-Aravaca;28023;913079342;913573545;Privado
Madrid-Capital;28011866;CPR INF-PRI;ESTILO;Calle De Serrano, 182 ;Madrid;Chamartín;28002;915623158;915630736;Privado
Madrid-Capital;28022128;CPR INF-PRI;LAS NACIONES;Avenida De Alfonso Xiii, 90 ;Madrid;Chamartín;28016;914135276;914154238;Privado
Madrid-Capital;28058241;CPR INF-PRI;PEDAGOGIA WALDORF DE ARAVACA;Calle De Zenit, 10 ;Madrid;Moncloa-Aravaca;28023;913071210;913071210;Privado
Madrid-Capital;28014223;CPR INF-PRI;SAN PATRICIO;Calle De Serrano, 198 ;Madrid;Chamartín;28002;915638420;-;Privado
Madrid-Capital;28059127;CPR INF-PRI;SEK-SANTA ISABEL;Calle De San Ildefonso, 18 ;Madrid;Centro;28012;915279094;915395583;Privado
Madrid-Capital;28006561;CPR INF-PRI-SEC;ALAMEDA DE OSUNA;Paseo De La Alameda De Osuna, 17 ;Madrid;Barajas;28042;917427011;917427196;Privado
Madrid-Capital;28019737;CPR INF-PRI-SEC;ALTAIR, COLEGIO INTERNACIONAL;Calle De Joaquín Bau, 4 ;Madrid;Chamartín;28036;913596368;913507016;Privado
Madrid-Capital;28029494;CPR INF-PRI-SEC;ARCANGEL RAFAEL;Calle De Maqueda, 4 ;Madrid;Latina;28024;917119300;915186838;Privado
Madrid-Capital;28009069;CPR INF-PRI-SEC;ARTURO SORIA;Calle Del Duque De Tamámes, 9 ;Madrid;Ciudad Lineal;28043;914157295;915192532;Privado
Madrid-Capital;28041858;CPR INF-PRI-SEC;BRA-INSTITUCION;Calle De María Lombillo, 5 ;Madrid;San Blas-Canillejas;28027;917421060;917428546;Privado
Madrid-Capital;28020077;CPR INF-PRI-SEC;BRISTOL;Calle De Enrique De Prada, 1 ;Madrid;Hortaleza;28042;917428687;917418207;Privado
Madrid-Capital;28021100;CPR INF-PRI-SEC;COLEGIO EUROPEO ALMAZAN;Calle De Mesena, 101 ;Madrid;Ciudad Lineal;28033;913020706;913020706;Privado
Madrid-Capital;28068128;CPR INF-PRI-SEC;COLEGIO HIGHLANDS EL ENCINAR;Calle De San Enrique De Osso, 46 ;Madrid;Hortaleza;28050;916585497;916585241;Privado
Madrid-Capital;28077191;CPR INF-PRI-SEC;COLEGIO JOYFE VALDEBEBAS;Calle De Julio Cano Lasso, S/n ;Madrid;-;28055;-;-;Privado
Madrid-Capital;28015124;CPR INF-PRI-SEC;COLEGIO SANTA MARIA DEL CAMINO;Calle De Peguerinos, 13 ;Madrid;Moncloa-Aravaca;28035;913161347;913737986;Privado
Madrid-Capital;28075583;CPR INF-PRI-SEC;ESCUELA IDEO;Calle De Quintanapalla, 10 ;Madrid;Fuencarral-El Pardo;28050;917523343;916354173;Privado
Madrid-Capital;28019038;CPR INF-PRI-SEC;ESTUDIO;Calle De Jimena Menendez Pidal, 11 ;Madrid;Moncloa-Aravaca;28023;913079432;913071429;Privado
Madrid-Capital;28013383;CPR INF-PRI-SEC;HUERFANOS DE LA ARMADA;Calle De Arturo Soria, 285 ;Madrid;Ciudad Lineal;28033;913124929;913795592;Privado
Madrid-Capital;28071656;CPR INF-PRI-SEC;INTERNACIONAL ARAVACA;Calle De Santa Bernardita, 3 ;Madrid;Moncloa-Aravaca;28023;913571256;911212651;Privado
Madrid-Capital;28041196;CPR INF-PRI-SEC;INTERNACIONAL NUEVO CENTRO;Carretera Toledo A Villaverde, K0.5 ;Madrid;Villaverde;28041;917950161;917950247;Privado
Madrid-Capital;28026183;CPR INF-PRI-SEC;JOYFE;Calle De Vital Aza, 65 ;Madrid;Ciudad Lineal;28017;914082263;913772259;Privado
Madrid-Capital;28033035;CPR INF-PRI-SEC;MACARENA;Calle De La Macarena, 37 ;Madrid;Chamartín;28016;913599218;913596854;Privado
Madrid-Capital;28020272;CPR INF-PRI-SEC;MATER SALVATORIS;Calle De Valdesquí, 4 ;Madrid;Moncloa-Aravaca;28023;913071243;913571595;Privado
Madrid-Capital;28012871;CPR INF-PRI-SEC;MONTEALTO;Calle De La Maso, 76 ;Madrid;Fuencarral-El Pardo;28034;917388100;917386067;Privado
Madrid-Capital;28008351;CPR INF-PRI-SEC;NTRA. SRA. DE LAS MARAVILLAS;Calle Del Guadalquivir, 9 ;Madrid;Chamartín;28002;917823500;915617261;Privado
Madrid-Capital;28028659;CPR INF-PRI-SEC;NTRA. SRA. DE LORETO;Calle Del General Aranaz, 66 ;Madrid;San Blas-Canillejas;28027;917430100;917430101;Privado
Madrid-Capital;28013413;CPR INF-PRI-SEC;NTRA. SRA. SANTA MARIA;Ronda De Sobradiel, 80 ;Madrid;Hortaleza;28043;913883202;913883240;Privado
Madrid-Capital;28017996;CPR INF-PRI-SEC;PARQUE CONDE DE ORGAZ;Calle De Gregorio Benítez, 25 ;Madrid;Hortaleza;28043;913001344;913884066;Privado
Madrid-Capital;28014119;CPR INF-PRI-SEC;SAN JOSE DEL PARQUE;Avenida De Champagnat, 2 ;Madrid;Hortaleza;28043;913000058;913005918;Privado
Madrid-Capital;28014511;CPR INF-PRI-SEC;SANTA MARIA DE LOS ROSALES;Calle De La Virgen De Los Rosales, 1 ;Madrid;Moncloa-Aravaca;28023;913070440;-;Privado
Madrid-Capital;28014612;CPR INF-PRI-SEC;SANTO ANGEL;Calle Del Arroyo Fontarrón, 209 ;Madrid;Moratalaz;28030;917721100;917732675;Privado
Madrid-Capital;28008715;CPR PRI-SEC;EL PRADO;Calle De La Costa Brava, 4 ;Madrid;Fuencarral-El Pardo;28034;917355710;917341679;Privado
Madrid-Capital;28011891;CPR PRI-SEC;FEM SCHOOL;Calle De La Loma, 4 ;Madrid;Chamberí;28003;915345073;915541345;Privado
Madrid-Capital;28007978;CPR PRI-SEC;MATER CLEMENTISSIMA;Calle De Antonio Folgueras, 12-20 ;Madrid;Puente de Vallecas;28018;914775628;914771327;Privado
Madrid-Capital;28008806;CPR PRI-SEC;RAMON Y CAJAL;Calle De Arturo Soria, 206 ;Madrid;Ciudad Lineal;28043;914135631;915191424;Privado
Madrid-Capital;28009677;CPR PRI-SEC;SANTA MARIA DEL VALLE CEP;Calle De Vitruvio, 14 ;Madrid;Chamartín;28006;915612093;915610200;Privado
